,date,hour,station_id,bikes_available,day,weekday_土曜日,weekday_日曜日,weekday_月曜日,weekday_木曜日,weekday_水曜日,weekday_火曜日,weekday_金曜日,predict
24,2013-09-02 00:00:00,0,0,12.0,2,0,0,1,0,0,0,0,5.889835357666016
25,2013-09-02 01:00:00,1,0,11.0,2,0,0,1,0,0,0,0,5.429457187652588
26,2013-09-02 02:00:00,2,0,11.0,2,0,0,1,0,0,0,0,5.312472343444824
27,2013-09-02 03:00:00,3,0,12.0,2,0,0,1,0,0,0,0,5.237712860107422
28,2013-09-02 04:00:00,4,0,12.0,2,0,0,1,0,0,0,0,5.2436203956604
29,2013-09-02 05:00:00,5,0,11.0,2,0,0,1,0,0,0,0,5.263738632202148
30,2013-09-02 06:00:00,6,0,12.0,2,0,0,1,0,0,0,0,5.160513401031494
31,2013-09-02 07:00:00,7,0,12.0,2,0,0,1,0,0,0,0,5.1364312171936035
32,2013-09-02 08:00:00,8,0,11.0,2,0,0,1,0,0,0,0,5.092218399047852
33,2013-09-02 09:00:00,9,0,12.0,2,0,0,1,0,0,0,0,5.050757884979248
34,2013-09-02 10:00:00,10,0,12.0,2,0,0,1,0,0,0,0,3.9482648372650146
35,2013-09-02 11:00:00,11,0,12.0,2,0,0,1,0,0,0,0,3.0247812271118164
36,2013-09-02 12:00:00,12,0,12.0,2,0,0,1,0,0,0,0,3.900829792022705
37,2013-09-02 13:00:00,13,0,12.0,2,0,0,1,0,0,0,0,-0.14131540060043335
38,2013-09-02 14:00:00,14,0,12.0,2,0,0,1,0,0,0,0,3.7619118690490723
39,2013-09-02 15:00:00,15,0,13.0,2,0,0,1,0,0,0,0,5.854421138763428
40,2013-09-02 16:00:00,16,0,10.0,2,0,0,1,0,0,0,0,5.860464572906494
41,2013-09-02 17:00:00,17,0,12.0,2,0,0,1,0,0,0,0,4.9491472244262695
42,2013-09-02 18:00:00,18,0,11.0,2,0,0,1,0,0,0,0,6.000000953674316
43,2013-09-02 19:00:00,19,0,8.0,2,0,0,1,0,0,0,0,5.9551005363464355
44,2013-09-02 20:00:00,20,0,11.0,2,0,0,1,0,0,0,0,5.1147003173828125
45,2013-09-02 21:00:00,21,0,10.0,2,0,0,1,0,0,0,0,5.246852397918701
46,2013-09-02 22:00:00,22,0,10.0,2,0,0,1,0,0,0,0,6.043400764465332
47,2013-09-02 23:00:00,23,0,10.0,2,0,0,1,0,0,0,0,6.08935546875
48,2013-09-03 00:00:00,0,0,10.0,3,0,0,0,0,0,1,0,6.12058162689209
49,2013-09-03 01:00:00,1,0,11.0,3,0,0,0,0,0,1,0,6.158205986022949
50,2013-09-03 02:00:00,2,0,11.0,3,0,0,0,0,0,1,0,6.166803359985352
51,2013-09-03 03:00:00,3,0,11.0,3,0,0,0,0,0,1,0,6.125962734222412
52,2013-09-03 04:00:00,4,0,10.0,3,0,0,0,0,0,1,0,6.083924293518066
53,2013-09-03 05:00:00,5,0,11.0,3,0,0,0,0,0,1,0,6.099537372589111
54,2013-09-03 06:00:00,6,0,10.0,3,0,0,0,0,0,1,0,6.119980335235596
55,2013-09-03 07:00:00,7,0,11.0,3,0,0,0,0,0,1,0,6.129123210906982
56,2013-09-03 08:00:00,8,0,11.0,3,0,0,0,0,0,1,0,6.038447856903076
57,2013-09-03 09:00:00,9,0,11.0,3,0,0,0,0,0,1,0,4.044476509094238
58,2013-09-03 10:00:00,10,0,11.0,3,0,0,0,0,0,1,0,5.036595821380615
59,2013-09-03 11:00:00,11,0,11.0,3,0,0,0,0,0,1,0,5.14747428894043
60,2013-09-03 12:00:00,12,0,11.0,3,0,0,0,0,0,1,0,5.036557197570801
61,2013-09-03 13:00:00,13,0,10.0,3,0,0,0,0,0,1,0,4.932829856872559
62,2013-09-03 14:00:00,14,0,11.0,3,0,0,0,0,0,1,0,4.960066318511963
63,2013-09-03 15:00:00,15,0,12.0,3,0,0,0,0,0,1,0,6.80079984664917
64,2013-09-03 16:00:00,16,0,12.0,3,0,0,0,0,0,1,0,3.751601219177246
65,2013-09-03 17:00:00,17,0,12.0,3,0,0,0,0,0,1,0,6.91934061050415
66,2013-09-03 18:00:00,18,0,12.0,3,0,0,0,0,0,1,0,5.940948009490967
67,2013-09-03 19:00:00,19,0,12.0,3,0,0,0,0,0,1,0,6.125422477722168
68,2013-09-03 20:00:00,20,0,12.0,3,0,0,0,0,0,1,0,9.17396354675293
69,2013-09-03 21:00:00,21,0,10.0,3,0,0,0,0,0,1,0,9.286055564880371
70,2013-09-03 22:00:00,22,0,10.0,3,0,0,0,0,0,1,0,9.347505569458008
71,2013-09-03 23:00:00,23,0,9.0,3,0,0,0,0,0,1,0,10.134661674499512
72,2013-09-04 00:00:00,0,0,9.0,4,0,0,0,0,1,0,0,10.158355712890625
73,2013-09-04 01:00:00,1,0,8.0,4,0,0,0,0,1,0,0,10.174979209899902
74,2013-09-04 02:00:00,2,0,9.0,4,0,0,0,0,1,0,0,10.190044403076172
75,2013-09-04 03:00:00,3,0,9.0,4,0,0,0,0,1,0,0,10.12239933013916
76,2013-09-04 04:00:00,4,0,8.0,4,0,0,0,0,1,0,0,10.08519172668457
77,2013-09-04 05:00:00,5,0,9.0,4,0,0,0,0,1,0,0,10.129311561584473
78,2013-09-04 06:00:00,6,0,9.0,4,0,0,0,0,1,0,0,10.116761207580566
79,2013-09-04 07:00:00,7,0,9.0,4,0,0,0,0,1,0,0,10.122669219970703
80,2013-09-04 08:00:00,8,0,9.0,4,0,0,0,0,1,0,0,9.92176628112793
81,2013-09-04 09:00:00,9,0,4.0,4,0,0,0,0,1,0,0,9.836559295654297
82,2013-09-04 10:00:00,10,0,4.0,4,0,0,0,0,1,0,0,6.092992305755615
83,2013-09-04 11:00:00,11,0,3.0,4,0,0,0,0,1,0,0,6.944499969482422
84,2013-09-04 12:00:00,12,0,3.0,4,0,0,0,0,1,0,0,5.928927421569824
85,2013-09-04 13:00:00,13,0,2.0,4,0,0,0,0,1,0,0,6.069246768951416
86,2013-09-04 14:00:00,14,0,1.0,4,0,0,0,0,1,0,0,7.0941338539123535
87,2013-09-04 15:00:00,15,0,11.0,4,0,0,0,0,1,0,0,7.07116174697876
88,2013-09-04 16:00:00,16,0,11.0,4,0,0,0,0,1,0,0,7.050682067871094
89,2013-09-04 17:00:00,17,0,13.0,4,0,0,0,0,1,0,0,6.083678245544434
90,2013-09-04 18:00:00,18,0,16.0,4,0,0,0,0,1,0,0,5.093021392822266
91,2013-09-04 19:00:00,19,0,15.0,4,0,0,0,0,1,0,0,5.018568515777588
92,2013-09-04 20:00:00,20,0,15.0,4,0,0,0,0,1,0,0,5.136838912963867
93,2013-09-04 21:00:00,21,0,17.0,4,0,0,0,0,1,0,0,5.241938591003418
94,2013-09-04 22:00:00,22,0,13.0,4,0,0,0,0,1,0,0,5.120196342468262
95,2013-09-04 23:00:00,23,0,15.0,4,0,0,0,0,1,0,0,5.040943622589111
96,2013-09-05 00:00:00,0,0,15.0,5,0,0,0,1,0,0,0,5.183838367462158
97,2013-09-05 01:00:00,1,0,15.0,5,0,0,0,1,0,0,0,5.130724906921387
98,2013-09-05 02:00:00,2,0,15.0,5,0,0,0,1,0,0,0,5.052370548248291
99,2013-09-05 03:00:00,3,0,15.0,5,0,0,0,1,0,0,0,5.087634563446045
100,2013-09-05 04:00:00,4,0,15.0,5,0,0,0,1,0,0,0,5.009977340698242
101,2013-09-05 05:00:00,5,0,15.0,5,0,0,0,1,0,0,0,5.102355480194092
102,2013-09-05 06:00:00,6,0,15.0,5,0,0,0,1,0,0,0,5.017523765563965
103,2013-09-05 07:00:00,7,0,16.0,5,0,0,0,1,0,0,0,3.9984922409057617
104,2013-09-05 08:00:00,8,0,16.0,5,0,0,0,1,0,0,0,4.027256965637207
105,2013-09-05 09:00:00,9,0,13.0,5,0,0,0,1,0,0,0,4.815140724182129
106,2013-09-05 10:00:00,10,0,12.0,5,0,0,0,1,0,0,0,4.06798791885376
107,2013-09-05 11:00:00,11,0,12.0,5,0,0,0,1,0,0,0,4.0474162101745605
108,2013-09-05 12:00:00,12,0,12.0,5,0,0,0,1,0,0,0,5.0001397132873535
109,2013-09-05 13:00:00,13,0,11.0,5,0,0,0,1,0,0,0,5.193722248077393
110,2013-09-05 14:00:00,14,0,11.0,5,0,0,0,1,0,0,0,5.010915756225586
111,2013-09-05 15:00:00,15,0,11.0,5,0,0,0,1,0,0,0,5.1526899337768555
112,2013-09-05 16:00:00,16,0,11.0,5,0,0,0,1,0,0,0,7.068458557128906
113,2013-09-05 17:00:00,17,0,13.0,5,0,0,0,1,0,0,0,6.327211856842041
114,2013-09-05 18:00:00,18,0,15.0,5,0,0,0,1,0,0,0,5.9134392738342285
115,2013-09-05 19:00:00,19,0,15.0,5,0,0,0,1,0,0,0,4.202426910400391
116,2013-09-05 20:00:00,20,0,16.0,5,0,0,0,1,0,0,0,4.092342853546143
117,2013-09-05 21:00:00,21,0,15.0,5,0,0,0,1,0,0,0,4.044386386871338
118,2013-09-05 22:00:00,22,0,15.0,5,0,0,0,1,0,0,0,3.166879892349243
119,2013-09-05 23:00:00,23,0,16.0,5,0,0,0,1,0,0,0,3.129760980606079
120,2013-09-06 00:00:00,0,0,15.0,6,0,0,0,0,0,0,1,3.275934934616089
121,2013-09-06 01:00:00,1,0,15.0,6,0,0,0,0,0,0,1,3.203296661376953
122,2013-09-06 02:00:00,2,0,15.0,6,0,0,0,0,0,0,1,3.142167091369629
123,2013-09-06 03:00:00,3,0,15.0,6,0,0,0,0,0,0,1,3.072301149368286
124,2013-09-06 04:00:00,4,0,15.0,6,0,0,0,0,0,0,1,3.0735421180725098
125,2013-09-06 05:00:00,5,0,15.0,6,0,0,0,0,0,0,1,3.058058261871338
126,2013-09-06 06:00:00,6,0,15.0,6,0,0,0,0,0,0,1,3.0727756023406982
127,2013-09-06 07:00:00,7,0,15.0,6,0,0,0,0,0,0,1,3.2136123180389404
128,2013-09-06 08:00:00,8,0,15.0,6,0,0,0,0,0,0,1,3.0395636558532715
129,2013-09-06 09:00:00,9,0,10.0,6,0,0,0,0,0,0,1,2.9904255867004395
130,2013-09-06 10:00:00,10,0,9.0,6,0,0,0,0,0,0,1,2.972529888153076
131,2013-09-06 11:00:00,11,0,9.0,6,0,0,0,0,0,0,1,3.114316701889038
132,2013-09-06 12:00:00,12,0,13.0,6,0,0,0,0,0,0,1,3.008822202682495
133,2013-09-06 13:00:00,13,0,13.0,6,0,0,0,0,0,0,1,4.972567558288574
134,2013-09-06 14:00:00,14,0,13.0,6,0,0,0,0,0,0,1,5.109095573425293
135,2013-09-06 15:00:00,15,0,13.0,6,0,0,0,0,0,0,1,3.840829849243164
136,2013-09-06 16:00:00,16,0,13.0,6,0,0,0,0,0,0,1,-0.1506873071193695
137,2013-09-06 17:00:00,17,0,17.0,6,0,0,0,0,0,0,1,5.860500335693359
138,2013-09-06 18:00:00,18,0,19.0,6,0,0,0,0,0,0,1,7.838983535766602
139,2013-09-06 19:00:00,19,0,19.0,6,0,0,0,0,0,0,1,8.753181457519531
140,2013-09-06 20:00:00,20,0,18.0,6,0,0,0,0,0,0,1,6.82105016708374
141,2013-09-06 21:00:00,21,0,19.0,6,0,0,0,0,0,0,1,6.906816005706787
142,2013-09-06 22:00:00,22,0,21.0,6,0,0,0,0,0,0,1,6.870570182800293
143,2013-09-06 23:00:00,23,0,21.0,6,0,0,0,0,0,0,1,7.174278259277344
144,2013-09-07 00:00:00,0,0,21.0,7,1,0,0,0,0,0,0,8.77116584777832
145,2013-09-07 01:00:00,1,0,21.0,7,1,0,0,0,0,0,0,8.90488338470459
146,2013-09-07 02:00:00,2,0,21.0,7,1,0,0,0,0,0,0,8.95868968963623
147,2013-09-07 03:00:00,3,0,21.0,7,1,0,0,0,0,0,0,9.022536277770996
148,2013-09-07 04:00:00,4,0,21.0,7,1,0,0,0,0,0,0,9.086016654968262
149,2013-09-07 05:00:00,5,0,21.0,7,1,0,0,0,0,0,0,9.106060028076172
150,2013-09-07 06:00:00,6,0,21.0,7,1,0,0,0,0,0,0,9.114788055419922
151,2013-09-07 07:00:00,7,0,21.0,7,1,0,0,0,0,0,0,9.111681938171387
152,2013-09-07 08:00:00,8,0,16.0,7,1,0,0,0,0,0,0,9.005406379699707
153,2013-09-07 09:00:00,9,0,16.0,7,1,0,0,0,0,0,0,8.142053604125977
154,2013-09-07 10:00:00,10,0,16.0,7,1,0,0,0,0,0,0,9.161938667297363
155,2013-09-07 11:00:00,11,0,16.0,7,1,0,0,0,0,0,0,9.380478858947754
156,2013-09-07 12:00:00,12,0,13.0,7,1,0,0,0,0,0,0,9.251087188720703
157,2013-09-07 13:00:00,13,0,12.0,7,1,0,0,0,0,0,0,9.350584030151367
158,2013-09-07 14:00:00,14,0,15.0,7,1,0,0,0,0,0,0,6.278605937957764
159,2013-09-07 15:00:00,15,0,15.0,7,1,0,0,0,0,0,0,3.882251262664795
160,2013-09-07 16:00:00,16,0,15.0,7,1,0,0,0,0,0,0,4.088347434997559
161,2013-09-07 17:00:00,17,0,15.0,7,1,0,0,0,0,0,0,8.24365234375
162,2013-09-07 18:00:00,18,0,11.0,7,1,0,0,0,0,0,0,3.2353742122650146
163,2013-09-07 19:00:00,19,0,11.0,7,1,0,0,0,0,0,0,6.043109893798828
164,2013-09-07 20:00:00,20,0,11.0,7,1,0,0,0,0,0,0,5.962864875793457
165,2013-09-07 21:00:00,21,0,11.0,7,1,0,0,0,0,0,0,7.905014991760254
166,2013-09-07 22:00:00,22,0,11.0,7,1,0,0,0,0,0,0,8.055721282958984
167,2013-09-07 23:00:00,23,0,11.0,7,1,0,0,0,0,0,0,7.971585273742676
168,2013-09-08 00:00:00,0,0,11.0,8,0,1,0,0,0,0,0,8.016124725341797
169,2013-09-08 01:00:00,1,0,8.0,8,0,1,0,0,0,0,0,8.067684173583984
170,2013-09-08 02:00:00,2,0,8.0,8,0,1,0,0,0,0,0,8.051751136779785
171,2013-09-08 03:00:00,3,0,8.0,8,0,1,0,0,0,0,0,8.106281280517578
172,2013-09-08 04:00:00,4,0,8.0,8,0,1,0,0,0,0,0,8.0498046875
173,2013-09-08 05:00:00,5,0,8.0,8,0,1,0,0,0,0,0,7.958743095397949
174,2013-09-08 06:00:00,6,0,8.0,8,0,1,0,0,0,0,0,7.938480377197266
175,2013-09-08 07:00:00,7,0,8.0,8,0,1,0,0,0,0,0,8.070444107055664
176,2013-09-08 08:00:00,8,0,8.0,8,0,1,0,0,0,0,0,7.844272613525391
177,2013-09-08 09:00:00,9,0,8.0,8,0,1,0,0,0,0,0,8.203780174255371
178,2013-09-08 10:00:00,10,0,8.0,8,0,1,0,0,0,0,0,7.894069671630859
179,2013-09-08 11:00:00,11,0,8.0,8,0,1,0,0,0,0,0,7.068483352661133
180,2013-09-08 12:00:00,12,0,9.0,8,0,1,0,0,0,0,0,8.927824974060059
181,2013-09-08 13:00:00,13,0,9.0,8,0,1,0,0,0,0,0,3.9756126403808594
182,2013-09-08 14:00:00,14,0,9.0,8,0,1,0,0,0,0,0,5.886859893798828
183,2013-09-08 15:00:00,15,0,8.0,8,0,1,0,0,0,0,0,8.810314178466797
184,2013-09-08 16:00:00,16,0,8.0,8,0,1,0,0,0,0,0,9.941694259643555
185,2013-09-08 17:00:00,17,0,8.0,8,0,1,0,0,0,0,0,9.729259490966797
186,2013-09-08 18:00:00,18,0,7.0,8,0,1,0,0,0,0,0,8.9252347946167
187,2013-09-08 19:00:00,19,0,7.0,8,0,1,0,0,0,0,0,6.759828090667725
188,2013-09-08 20:00:00,20,0,8.0,8,0,1,0,0,0,0,0,6.754367351531982
189,2013-09-08 21:00:00,21,0,8.0,8,0,1,0,0,0,0,0,6.639250755310059
190,2013-09-08 22:00:00,22,0,8.0,8,0,1,0,0,0,0,0,6.782021522521973
191,2013-09-08 23:00:00,23,0,8.0,8,0,1,0,0,0,0,0,6.841408729553223
192,2013-09-09 00:00:00,0,0,7.0,9,0,0,1,0,0,0,0,6.868390083312988
193,2013-09-09 01:00:00,1,0,8.0,9,0,0,1,0,0,0,0,6.913591384887695
194,2013-09-09 02:00:00,2,0,8.0,9,0,0,1,0,0,0,0,6.972463607788086
195,2013-09-09 03:00:00,3,0,8.0,9,0,0,1,0,0,0,0,6.988846302032471
196,2013-09-09 04:00:00,4,0,8.0,9,0,0,1,0,0,0,0,7.002429008483887
197,2013-09-09 05:00:00,5,0,8.0,9,0,0,1,0,0,0,0,7.037215232849121
198,2013-09-09 06:00:00,6,0,8.0,9,0,0,1,0,0,0,0,7.024177074432373
199,2013-09-09 07:00:00,7,0,8.0,9,0,0,1,0,0,0,0,7.009833335876465
200,2013-09-09 08:00:00,8,0,9.0,9,0,0,1,0,0,0,0,6.9015889167785645
201,2013-09-09 09:00:00,9,0,7.0,9,0,0,1,0,0,0,0,8.768899917602539
202,2013-09-09 10:00:00,10,0,6.0,9,0,0,1,0,0,0,0,10.923596382141113
203,2013-09-09 11:00:00,11,0,5.0,9,0,0,1,0,0,0,0,9.876766204833984
204,2013-09-09 12:00:00,12,0,5.0,9,0,0,1,0,0,0,0,9.845111846923828
205,2013-09-09 13:00:00,13,0,5.0,9,0,0,1,0,0,0,0,7.938291549682617
206,2013-09-09 14:00:00,14,0,5.0,9,0,0,1,0,0,0,0,4.056617736816406
207,2013-09-09 15:00:00,15,0,5.0,9,0,0,1,0,0,0,0,4.125662803649902
208,2013-09-09 16:00:00,16,0,5.0,9,0,0,1,0,0,0,0,6.70564079284668
209,2013-09-09 17:00:00,17,0,7.0,9,0,0,1,0,0,0,0,4.30598783493042
210,2013-09-09 18:00:00,18,0,7.0,9,0,0,1,0,0,0,0,-0.013198882341384888
211,2013-09-09 19:00:00,19,0,7.0,9,0,0,1,0,0,0,0,0.03950357437133789
212,2013-09-09 20:00:00,20,0,7.0,9,0,0,1,0,0,0,0,4.322052478790283
213,2013-09-09 21:00:00,21,0,6.0,9,0,0,1,0,0,0,0,2.4903244972229004
214,2013-09-09 22:00:00,22,0,7.0,9,0,0,1,0,0,0,0,1.8552758693695068
215,2013-09-09 23:00:00,23,0,8.0,9,0,0,1,0,0,0,0,2.021916151046753
216,2013-09-10 00:00:00,0,0,8.0,10,0,0,0,0,0,1,0,2.0672948360443115
217,2013-09-10 01:00:00,1,0,7.0,10,0,0,0,0,0,1,0,2.0781643390655518
218,2013-09-10 02:00:00,2,0,7.0,10,0,0,0,0,0,1,0,2.0815773010253906
219,2013-09-10 03:00:00,3,0,7.0,10,0,0,0,0,0,1,0,2.007014751434326
220,2013-09-10 04:00:00,4,0,7.0,10,0,0,0,0,0,1,0,2.0274202823638916
221,2013-09-10 05:00:00,5,0,7.0,10,0,0,0,0,0,1,0,2.0321707725524902
222,2013-09-10 06:00:00,6,0,7.0,10,0,0,0,0,0,1,0,2.021932601928711
223,2013-09-10 07:00:00,7,0,7.0,10,0,0,0,0,0,1,0,2.2372453212738037
224,2013-09-10 08:00:00,8,0,8.0,10,0,0,0,0,0,1,0,6.304367542266846
225,2013-09-10 09:00:00,9,0,10.0,10,0,0,0,0,0,1,0,11.184100151062012
226,2013-09-10 10:00:00,10,0,6.0,10,0,0,0,0,0,1,0,10.326942443847656
227,2013-09-10 11:00:00,11,0,6.0,10,0,0,0,0,0,1,0,11.051854133605957
228,2013-09-10 12:00:00,12,0,6.0,10,0,0,0,0,0,1,0,11.120996475219727
229,2013-09-10 13:00:00,13,0,6.0,10,0,0,0,0,0,1,0,6.27841854095459
230,2013-09-10 14:00:00,14,0,4.0,10,0,0,0,0,0,1,0,6.796722412109375
231,2013-09-10 15:00:00,15,0,5.0,10,0,0,0,0,0,1,0,6.218687534332275
232,2013-09-10 16:00:00,16,0,5.0,10,0,0,0,0,0,1,0,3.6699094772338867
233,2013-09-10 17:00:00,17,0,7.0,10,0,0,0,0,0,1,0,0.6655910015106201
234,2013-09-10 18:00:00,18,0,12.0,10,0,0,0,0,0,1,0,1.0354936122894287
235,2013-09-10 19:00:00,19,0,13.0,10,0,0,0,0,0,1,0,3.197516679763794
236,2013-09-10 20:00:00,20,0,14.0,10,0,0,0,0,0,1,0,3.225114583969116
237,2013-09-10 21:00:00,21,0,14.0,10,0,0,0,0,0,1,0,3.924494981765747
238,2013-09-10 22:00:00,22,0,13.0,10,0,0,0,0,0,1,0,3.296494483947754
239,2013-09-10 23:00:00,23,0,13.0,10,0,0,0,0,0,1,0,3.1177921295166016
240,2013-09-11 00:00:00,0,0,12.0,11,0,0,0,0,1,0,0,3.2482967376708984
241,2013-09-11 01:00:00,1,0,12.0,11,0,0,0,0,1,0,0,3.3028273582458496
242,2013-09-11 02:00:00,2,0,12.0,11,0,0,0,0,1,0,0,3.1553380489349365
243,2013-09-11 03:00:00,3,0,12.0,11,0,0,0,0,1,0,0,3.0982542037963867
244,2013-09-11 04:00:00,4,0,12.0,11,0,0,0,0,1,0,0,3.1730172634124756
245,2013-09-11 05:00:00,5,0,12.0,11,0,0,0,0,1,0,0,3.17769455909729
246,2013-09-11 06:00:00,6,0,12.0,11,0,0,0,0,1,0,0,3.0295352935791016
247,2013-09-11 07:00:00,7,0,12.0,11,0,0,0,0,1,0,0,2.333022117614746
248,2013-09-11 08:00:00,8,0,13.0,11,0,0,0,0,1,0,0,3.260220766067505
249,2013-09-11 09:00:00,9,0,10.0,11,0,0,0,0,1,0,0,9.971904754638672
250,2013-09-11 10:00:00,10,0,13.0,11,0,0,0,0,1,0,0,10.981199264526367
251,2013-09-11 11:00:00,11,0,12.0,11,0,0,0,0,1,0,0,11.118432998657227
252,2013-09-11 12:00:00,12,0,12.0,11,0,0,0,0,1,0,0,11.924983024597168
253,2013-09-11 13:00:00,13,0,11.0,11,0,0,0,0,1,0,0,11.118452072143555
254,2013-09-11 14:00:00,14,0,12.0,11,0,0,0,0,1,0,0,11.12004280090332
255,2013-09-11 15:00:00,15,0,12.0,11,0,0,0,0,1,0,0,12.047572135925293
256,2013-09-11 16:00:00,16,0,12.0,11,0,0,0,0,1,0,0,10.496174812316895
257,2013-09-11 17:00:00,17,0,13.0,11,0,0,0,0,1,0,0,9.15211009979248
258,2013-09-11 18:00:00,18,0,15.0,11,0,0,0,0,1,0,0,7.100695610046387
259,2013-09-11 19:00:00,19,0,14.0,11,0,0,0,0,1,0,0,3.1695384979248047
260,2013-09-11 20:00:00,20,0,13.0,11,0,0,0,0,1,0,0,3.270528554916382
261,2013-09-11 21:00:00,21,0,11.0,11,0,0,0,0,1,0,0,5.960383415222168
262,2013-09-11 22:00:00,22,0,12.0,11,0,0,0,0,1,0,0,5.2635345458984375
263,2013-09-11 23:00:00,23,0,14.0,11,0,0,0,0,1,0,0,5.262518882751465
264,2013-09-12 00:00:00,0,0,13.0,12,0,0,0,1,0,0,0,5.2229905128479
265,2013-09-12 01:00:00,1,0,13.0,12,0,0,0,1,0,0,0,5.283814907073975
266,2013-09-12 02:00:00,2,0,13.0,12,0,0,0,1,0,0,0,5.216480731964111
267,2013-09-12 03:00:00,3,0,13.0,12,0,0,0,1,0,0,0,5.215200424194336
268,2013-09-12 04:00:00,4,0,13.0,12,0,0,0,1,0,0,0,5.166833877563477
269,2013-09-12 05:00:00,5,0,13.0,12,0,0,0,1,0,0,0,5.113243579864502
270,2013-09-12 06:00:00,6,0,13.0,12,0,0,0,1,0,0,0,4.947577953338623
271,2013-09-12 07:00:00,7,0,14.0,12,0,0,0,1,0,0,0,4.197494983673096
272,2013-09-12 08:00:00,8,0,16.0,12,0,0,0,1,0,0,0,5.10774040222168
273,2013-09-12 09:00:00,9,0,12.0,12,0,0,0,1,0,0,0,8.336471557617188
274,2013-09-12 10:00:00,10,0,10.0,12,0,0,0,1,0,0,0,10.020132064819336
275,2013-09-12 11:00:00,11,0,12.0,12,0,0,0,1,0,0,0,10.024415016174316
276,2013-09-12 12:00:00,12,0,12.0,12,0,0,0,1,0,0,0,10.042282104492188
277,2013-09-12 13:00:00,13,0,11.0,12,0,0,0,1,0,0,0,8.114500999450684
278,2013-09-12 14:00:00,14,0,11.0,12,0,0,0,1,0,0,0,7.010372638702393
279,2013-09-12 15:00:00,15,0,11.0,12,0,0,0,1,0,0,0,6.148525238037109
280,2013-09-12 16:00:00,16,0,10.0,12,0,0,0,1,0,0,0,6.3736066818237305
281,2013-09-12 17:00:00,17,0,12.0,12,0,0,0,1,0,0,0,5.042994976043701
282,2013-09-12 18:00:00,18,0,10.0,12,0,0,0,1,0,0,0,3.0419600009918213
283,2013-09-12 19:00:00,19,0,13.0,12,0,0,0,1,0,0,0,1.9943114519119263
284,2013-09-12 20:00:00,20,0,12.0,12,0,0,0,1,0,0,0,2.340407133102417
285,2013-09-12 21:00:00,21,0,13.0,12,0,0,0,1,0,0,0,2.1043834686279297
286,2013-09-12 22:00:00,22,0,14.0,12,0,0,0,1,0,0,0,1.9985616207122803
287,2013-09-12 23:00:00,23,0,14.0,12,0,0,0,1,0,0,0,2.2873411178588867
288,2013-09-13 00:00:00,0,0,13.0,13,0,0,0,0,0,0,1,2.0724637508392334
289,2013-09-13 01:00:00,1,0,13.0,13,0,0,0,0,0,0,1,2.1707544326782227
290,2013-09-13 02:00:00,2,0,13.0,13,0,0,0,0,0,0,1,2.177056312561035
291,2013-09-13 03:00:00,3,0,13.0,13,0,0,0,0,0,0,1,2.1029272079467773
292,2013-09-13 04:00:00,4,0,13.0,13,0,0,0,0,0,0,1,2.055609703063965
293,2013-09-13 05:00:00,5,0,13.0,13,0,0,0,0,0,0,1,2.0401668548583984
294,2013-09-13 06:00:00,6,0,13.0,13,0,0,0,0,0,0,1,2.0652999877929688
295,2013-09-13 07:00:00,7,0,13.0,13,0,0,0,0,0,0,1,3.0486457347869873
296,2013-09-13 08:00:00,8,0,13.0,13,0,0,0,0,0,0,1,3.2909581661224365
297,2013-09-13 09:00:00,9,0,7.0,13,0,0,0,0,0,0,1,6.415281772613525
298,2013-09-13 10:00:00,10,0,7.0,13,0,0,0,0,0,0,1,9.098636627197266
299,2013-09-13 11:00:00,11,0,14.0,13,0,0,0,0,0,0,1,9.950032234191895
300,2013-09-13 12:00:00,12,0,14.0,13,0,0,0,0,0,0,1,8.886937141418457
301,2013-09-13 13:00:00,13,0,14.0,13,0,0,0,0,0,0,1,8.014334678649902
302,2013-09-13 14:00:00,14,0,14.0,13,0,0,0,0,0,0,1,7.889163970947266
303,2013-09-13 15:00:00,15,0,14.0,13,0,0,0,0,0,0,1,7.781171798706055
304,2013-09-13 16:00:00,16,0,14.0,13,0,0,0,0,0,0,1,7.142066955566406
305,2013-09-13 17:00:00,17,0,17.0,13,0,0,0,0,0,0,1,6.144550323486328
306,2013-09-13 18:00:00,18,0,20.0,13,0,0,0,0,0,0,1,0.204520583152771
307,2013-09-13 19:00:00,19,0,18.0,13,0,0,0,0,0,0,1,0.2607386112213135
308,2013-09-13 20:00:00,20,0,18.0,13,0,0,0,0,0,0,1,7.058921813964844
309,2013-09-13 21:00:00,21,0,18.0,13,0,0,0,0,0,0,1,7.088959217071533
310,2013-09-13 22:00:00,22,0,20.0,13,0,0,0,0,0,0,1,6.946502685546875
311,2013-09-13 23:00:00,23,0,20.0,13,0,0,0,0,0,0,1,7.691715240478516
312,2013-09-14 00:00:00,0,0,20.0,14,1,0,0,0,0,0,0,7.961813449859619
313,2013-09-14 01:00:00,1,0,20.0,14,1,0,0,0,0,0,0,8.056534767150879
314,2013-09-14 02:00:00,2,0,20.0,14,1,0,0,0,0,0,0,8.046361923217773
315,2013-09-14 03:00:00,3,0,20.0,14,1,0,0,0,0,0,0,8.031831741333008
316,2013-09-14 04:00:00,4,0,20.0,14,1,0,0,0,0,0,0,8.092470169067383
317,2013-09-14 05:00:00,5,0,20.0,14,1,0,0,0,0,0,0,8.122074127197266
318,2013-09-14 06:00:00,6,0,20.0,14,1,0,0,0,0,0,0,8.1167573928833
319,2013-09-14 07:00:00,7,0,20.0,14,1,0,0,0,0,0,0,8.093759536743164
320,2013-09-14 08:00:00,8,0,20.0,14,1,0,0,0,0,0,0,8.026901245117188
321,2013-09-14 09:00:00,9,0,21.0,14,1,0,0,0,0,0,0,8.00055980682373
322,2013-09-14 10:00:00,10,0,22.0,14,1,0,0,0,0,0,0,8.258087158203125
323,2013-09-14 11:00:00,11,0,22.0,14,1,0,0,0,0,0,0,8.358816146850586
324,2013-09-14 12:00:00,12,0,22.0,14,1,0,0,0,0,0,0,7.087200164794922
325,2013-09-14 13:00:00,13,0,22.0,14,1,0,0,0,0,0,0,8.91043758392334
326,2013-09-14 14:00:00,14,0,22.0,14,1,0,0,0,0,0,0,9.103291511535645
327,2013-09-14 15:00:00,15,0,22.0,14,1,0,0,0,0,0,0,7.9363226890563965
328,2013-09-14 16:00:00,16,0,21.0,14,1,0,0,0,0,0,0,6.1683549880981445
329,2013-09-14 17:00:00,17,0,14.0,14,1,0,0,0,0,0,0,9.169767379760742
330,2013-09-14 18:00:00,18,0,12.0,14,1,0,0,0,0,0,0,7.000332355499268
331,2013-09-14 19:00:00,19,0,13.0,14,1,0,0,0,0,0,0,6.979923248291016
332,2013-09-14 20:00:00,20,0,13.0,14,1,0,0,0,0,0,0,6.998467922210693
333,2013-09-14 21:00:00,21,0,13.0,14,1,0,0,0,0,0,0,7.154714107513428
334,2013-09-14 22:00:00,22,0,13.0,14,1,0,0,0,0,0,0,6.175516605377197
335,2013-09-14 23:00:00,23,0,13.0,14,1,0,0,0,0,0,0,6.137325286865234
336,2013-09-15 00:00:00,0,0,13.0,15,0,1,0,0,0,0,0,6.195236682891846
337,2013-09-15 01:00:00,1,0,13.0,15,0,1,0,0,0,0,0,6.153674125671387
338,2013-09-15 02:00:00,2,0,13.0,15,0,1,0,0,0,0,0,6.185390472412109
339,2013-09-15 03:00:00,3,0,13.0,15,0,1,0,0,0,0,0,6.132911682128906
340,2013-09-15 04:00:00,4,0,13.0,15,0,1,0,0,0,0,0,6.127813339233398
341,2013-09-15 05:00:00,5,0,13.0,15,0,1,0,0,0,0,0,6.114505290985107
342,2013-09-15 06:00:00,6,0,13.0,15,0,1,0,0,0,0,0,6.034641265869141
343,2013-09-15 07:00:00,7,0,13.0,15,0,1,0,0,0,0,0,6.076557159423828
344,2013-09-15 08:00:00,8,0,13.0,15,0,1,0,0,0,0,0,6.035039901733398
345,2013-09-15 09:00:00,9,0,13.0,15,0,1,0,0,0,0,0,6.007053852081299
346,2013-09-15 10:00:00,10,0,13.0,15,0,1,0,0,0,0,0,5.140936374664307
347,2013-09-15 11:00:00,11,0,13.0,15,0,1,0,0,0,0,0,4.6710896492004395
348,2013-09-15 12:00:00,12,0,13.0,15,0,1,0,0,0,0,0,3.9228169918060303
349,2013-09-15 13:00:00,13,0,13.0,15,0,1,0,0,0,0,0,1.7453488111495972
350,2013-09-15 14:00:00,14,0,13.0,15,0,1,0,0,0,0,0,1.811244010925293
351,2013-09-15 15:00:00,15,0,13.0,15,0,1,0,0,0,0,0,10.026226997375488
352,2013-09-15 16:00:00,16,0,13.0,15,0,1,0,0,0,0,0,10.234465599060059
353,2013-09-15 17:00:00,17,0,13.0,15,0,1,0,0,0,0,0,10.791862487792969
354,2013-09-15 18:00:00,18,0,12.0,15,0,1,0,0,0,0,0,14.90267276763916
355,2013-09-15 19:00:00,19,0,11.0,15,0,1,0,0,0,0,0,15.125994682312012
356,2013-09-15 20:00:00,20,0,12.0,15,0,1,0,0,0,0,0,17.020235061645508
357,2013-09-15 21:00:00,21,0,12.0,15,0,1,0,0,0,0,0,17.141036987304688
358,2013-09-15 22:00:00,22,0,12.0,15,0,1,0,0,0,0,0,17.795982360839844
359,2013-09-15 23:00:00,23,0,12.0,15,0,1,0,0,0,0,0,17.762840270996094
360,2013-09-16 00:00:00,0,0,12.0,16,0,0,1,0,0,0,0,17.82053565979004
361,2013-09-16 01:00:00,1,0,12.0,16,0,0,1,0,0,0,0,17.72823715209961
362,2013-09-16 02:00:00,2,0,12.0,16,0,0,1,0,0,0,0,17.68248176574707
363,2013-09-16 03:00:00,3,0,12.0,16,0,0,1,0,0,0,0,17.771211624145508
364,2013-09-16 04:00:00,4,0,12.0,16,0,0,1,0,0,0,0,17.714580535888672
365,2013-09-16 05:00:00,5,0,12.0,16,0,0,1,0,0,0,0,17.774198532104492
366,2013-09-16 06:00:00,6,0,12.0,16,0,0,1,0,0,0,0,17.793521881103516
367,2013-09-16 07:00:00,7,0,12.0,16,0,0,1,0,0,0,0,17.85008430480957
368,2013-09-16 08:00:00,8,0,8.0,16,0,0,1,0,0,0,0,13.01014518737793
369,2013-09-16 09:00:00,9,0,5.0,16,0,0,1,0,0,0,0,12.880720138549805
370,2013-09-16 10:00:00,10,0,9.0,16,0,0,1,0,0,0,0,14.731342315673828
371,2013-09-16 11:00:00,11,0,9.0,16,0,0,1,0,0,0,0,14.737842559814453
372,2013-09-16 12:00:00,12,0,12.0,16,0,0,1,0,0,0,0,15.09117317199707
373,2013-09-16 13:00:00,13,0,12.0,16,0,0,1,0,0,0,0,15.780726432800293
374,2013-09-16 14:00:00,14,0,12.0,16,0,0,1,0,0,0,0,13.950577735900879
375,2013-09-16 15:00:00,15,0,12.0,16,0,0,1,0,0,0,0,14.839254379272461
376,2013-09-16 16:00:00,16,0,12.0,16,0,0,1,0,0,0,0,15.001832962036133
377,2013-09-16 17:00:00,17,0,15.0,16,0,0,1,0,0,0,0,12.088683128356934
378,2013-09-16 18:00:00,18,0,18.0,16,0,0,1,0,0,0,0,9.380863189697266
379,2013-09-16 19:00:00,19,0,18.0,16,0,0,1,0,0,0,0,7.21307897567749
380,2013-09-16 20:00:00,20,0,19.0,16,0,0,1,0,0,0,0,6.988440990447998
381,2013-09-16 21:00:00,21,0,19.0,16,0,0,1,0,0,0,0,6.439477443695068
382,2013-09-16 22:00:00,22,0,18.0,16,0,0,1,0,0,0,0,6.259279727935791
383,2013-09-16 23:00:00,23,0,20.0,16,0,0,1,0,0,0,0,6.04952335357666
384,2013-09-17 00:00:00,0,0,19.0,17,0,0,0,0,0,1,0,6.394158840179443
385,2013-09-17 01:00:00,1,0,19.0,17,0,0,0,0,0,1,0,6.121247291564941
386,2013-09-17 02:00:00,2,0,19.0,17,0,0,0,0,0,1,0,5.928017616271973
387,2013-09-17 03:00:00,3,0,19.0,17,0,0,0,0,0,1,0,6.110930442810059
388,2013-09-17 04:00:00,4,0,19.0,17,0,0,0,0,0,1,0,6.012575149536133
389,2013-09-17 05:00:00,5,0,19.0,17,0,0,0,0,0,1,0,6.135781764984131
390,2013-09-17 06:00:00,6,0,20.0,17,0,0,0,0,0,1,0,6.12829065322876
391,2013-09-17 07:00:00,7,0,20.0,17,0,0,0,0,0,1,0,6.140445709228516
392,2013-09-17 08:00:00,8,0,19.0,17,0,0,0,0,0,1,0,6.164453983306885
393,2013-09-17 09:00:00,9,0,9.0,17,0,0,0,0,0,1,0,9.07227897644043
394,2013-09-17 10:00:00,10,0,10.0,17,0,0,0,0,0,1,0,12.215645790100098
395,2013-09-17 11:00:00,11,0,15.0,17,0,0,0,0,0,1,0,12.183222770690918
396,2013-09-17 12:00:00,12,0,16.0,17,0,0,0,0,0,1,0,10.16691780090332
397,2013-09-17 13:00:00,13,0,17.0,17,0,0,0,0,0,1,0,12.967949867248535
398,2013-09-17 14:00:00,14,0,16.0,17,0,0,0,0,0,1,0,10.107565879821777
399,2013-09-17 15:00:00,15,0,16.0,17,0,0,0,0,0,1,0,12.934396743774414
400,2013-09-17 16:00:00,16,0,16.0,17,0,0,0,0,0,1,0,10.160022735595703
401,2013-09-17 17:00:00,17,0,16.0,17,0,0,0,0,0,1,0,6.6263251304626465
402,2013-09-17 18:00:00,18,0,21.0,17,0,0,0,0,0,1,0,3.012305736541748
403,2013-09-17 19:00:00,19,0,19.0,17,0,0,0,0,0,1,0,4.340609550476074
404,2013-09-17 20:00:00,20,0,18.0,17,0,0,0,0,0,1,0,6.120925426483154
405,2013-09-17 21:00:00,21,0,17.0,17,0,0,0,0,0,1,0,6.191278457641602
406,2013-09-17 22:00:00,22,0,17.0,17,0,0,0,0,0,1,0,6.028709888458252
407,2013-09-17 23:00:00,23,0,17.0,17,0,0,0,0,0,1,0,6.170349597930908
408,2013-09-18 00:00:00,0,0,17.0,18,0,0,0,0,1,0,0,6.3289899826049805
409,2013-09-18 01:00:00,1,0,17.0,18,0,0,0,0,1,0,0,6.244728088378906
410,2013-09-18 02:00:00,2,0,16.0,18,0,0,0,0,1,0,0,6.283111572265625
411,2013-09-18 03:00:00,3,0,17.0,18,0,0,0,0,1,0,0,6.177480220794678
412,2013-09-18 04:00:00,4,0,16.0,18,0,0,0,0,1,0,0,6.213438034057617
413,2013-09-18 05:00:00,5,0,17.0,18,0,0,0,0,1,0,0,6.257223606109619
414,2013-09-18 06:00:00,6,0,18.0,18,0,0,0,0,1,0,0,6.388767719268799
415,2013-09-18 07:00:00,7,0,17.0,18,0,0,0,0,1,0,0,7.167094707489014
416,2013-09-18 08:00:00,8,0,17.0,18,0,0,0,0,1,0,0,7.342860221862793
417,2013-09-18 09:00:00,9,0,12.0,18,0,0,0,0,1,0,0,10.043643951416016
418,2013-09-18 10:00:00,10,0,12.0,18,0,0,0,0,1,0,0,10.061214447021484
419,2013-09-18 11:00:00,11,0,12.0,18,0,0,0,0,1,0,0,10.943259239196777
420,2013-09-18 12:00:00,12,0,12.0,18,0,0,0,0,1,0,0,9.996920585632324
421,2013-09-18 13:00:00,13,0,13.0,18,0,0,0,0,1,0,0,11.90290641784668
422,2013-09-18 14:00:00,14,0,14.0,18,0,0,0,0,1,0,0,10.899014472961426
423,2013-09-18 15:00:00,15,0,14.0,18,0,0,0,0,1,0,0,11.061161994934082
424,2013-09-18 16:00:00,16,0,14.0,18,0,0,0,0,1,0,0,11.929953575134277
425,2013-09-18 17:00:00,17,0,16.0,18,0,0,0,0,1,0,0,9.238409042358398
426,2013-09-18 18:00:00,18,0,18.0,18,0,0,0,0,1,0,0,8.06033706665039
427,2013-09-18 19:00:00,19,0,16.0,18,0,0,0,0,1,0,0,6.091982364654541
428,2013-09-18 20:00:00,20,0,16.0,18,0,0,0,0,1,0,0,6.1005377769470215
429,2013-09-18 21:00:00,21,0,14.0,18,0,0,0,0,1,0,0,5.248114109039307
430,2013-09-18 22:00:00,22,0,15.0,18,0,0,0,0,1,0,0,5.986296653747559
431,2013-09-18 23:00:00,23,0,15.0,18,0,0,0,0,1,0,0,7.047275543212891
432,2013-09-19 00:00:00,0,0,15.0,19,0,0,0,1,0,0,0,7.104774475097656
433,2013-09-19 01:00:00,1,0,15.0,19,0,0,0,1,0,0,0,7.125645637512207
434,2013-09-19 02:00:00,2,0,15.0,19,0,0,0,1,0,0,0,7.1383957862854
435,2013-09-19 03:00:00,3,0,15.0,19,0,0,0,1,0,0,0,7.098859786987305
436,2013-09-19 04:00:00,4,0,15.0,19,0,0,0,1,0,0,0,7.098462104797363
437,2013-09-19 05:00:00,5,0,15.0,19,0,0,0,1,0,0,0,7.066106796264648
438,2013-09-19 06:00:00,6,0,16.0,19,0,0,0,1,0,0,0,7.120733737945557
439,2013-09-19 07:00:00,7,0,16.0,19,0,0,0,1,0,0,0,8.073434829711914
440,2013-09-19 08:00:00,8,0,13.0,19,0,0,0,1,0,0,0,9.131736755371094
441,2013-09-19 09:00:00,9,0,8.0,19,0,0,0,1,0,0,0,14.011359214782715
442,2013-09-19 10:00:00,10,0,15.0,19,0,0,0,1,0,0,0,14.910293579101562
443,2013-09-19 11:00:00,11,0,15.0,19,0,0,0,1,0,0,0,14.892932891845703
444,2013-09-19 12:00:00,12,0,15.0,19,0,0,0,1,0,0,0,13.914926528930664
445,2013-09-19 13:00:00,13,0,15.0,19,0,0,0,1,0,0,0,14.07575511932373
446,2013-09-19 14:00:00,14,0,15.0,19,0,0,0,1,0,0,0,13.902706146240234
447,2013-09-19 15:00:00,15,0,15.0,19,0,0,0,1,0,0,0,13.140825271606445
448,2013-09-19 16:00:00,16,0,15.0,19,0,0,0,1,0,0,0,13.941435813903809
449,2013-09-19 17:00:00,17,0,21.0,19,0,0,0,1,0,0,0,12.149194717407227
450,2013-09-19 18:00:00,18,0,15.0,19,0,0,0,1,0,0,0,10.236783027648926
451,2013-09-19 19:00:00,19,0,15.0,19,0,0,0,1,0,0,0,11.097192764282227
452,2013-09-19 20:00:00,20,0,15.0,19,0,0,0,1,0,0,0,9.26645565032959
453,2013-09-19 21:00:00,21,0,15.0,19,0,0,0,1,0,0,0,8.39552116394043
454,2013-09-19 22:00:00,22,0,15.0,19,0,0,0,1,0,0,0,8.03915786743164
455,2013-09-19 23:00:00,23,0,13.0,19,0,0,0,1,0,0,0,8.428485870361328
456,2013-09-20 00:00:00,0,0,13.0,20,0,0,0,0,0,0,1,10.900723457336426
457,2013-09-20 01:00:00,1,0,14.0,20,0,0,0,0,0,0,1,11.453941345214844
458,2013-09-20 02:00:00,2,0,14.0,20,0,0,0,0,0,0,1,12.504406929016113
459,2013-09-20 03:00:00,3,0,14.0,20,0,0,0,0,0,0,1,12.606745719909668
460,2013-09-20 04:00:00,4,0,14.0,20,0,0,0,0,0,0,1,12.533951759338379
461,2013-09-20 05:00:00,5,0,14.0,20,0,0,0,0,0,0,1,12.478643417358398
462,2013-09-20 06:00:00,6,0,15.0,20,0,0,0,0,0,0,1,12.32789421081543
463,2013-09-20 07:00:00,7,0,15.0,20,0,0,0,0,0,0,1,12.289814949035645
464,2013-09-20 08:00:00,8,0,15.0,20,0,0,0,0,0,0,1,13.2103271484375
465,2013-09-20 09:00:00,9,0,13.0,20,0,0,0,0,0,0,1,11.96816635131836
466,2013-09-20 10:00:00,10,0,14.0,20,0,0,0,0,0,0,1,12.948882102966309
467,2013-09-20 11:00:00,11,0,13.0,20,0,0,0,0,0,0,1,12.891233444213867
468,2013-09-20 12:00:00,12,0,13.0,20,0,0,0,0,0,0,1,7.943324565887451
469,2013-09-20 13:00:00,13,0,13.0,20,0,0,0,0,0,0,1,8.022191047668457
470,2013-09-20 14:00:00,14,0,12.0,20,0,0,0,0,0,0,1,5.754631996154785
471,2013-09-20 15:00:00,15,0,13.0,20,0,0,0,0,0,0,1,3.0656299591064453
472,2013-09-20 16:00:00,16,0,13.0,20,0,0,0,0,0,0,1,4.83047342300415
473,2013-09-20 17:00:00,17,0,15.0,20,0,0,0,0,0,0,1,2.1637399196624756
474,2013-09-20 18:00:00,18,0,16.0,20,0,0,0,0,0,0,1,1.0982263088226318
475,2013-09-20 19:00:00,19,0,14.0,20,0,0,0,0,0,0,1,7.171841621398926
476,2013-09-20 20:00:00,20,0,14.0,20,0,0,0,0,0,0,1,8.096237182617188
477,2013-09-20 21:00:00,21,0,15.0,20,0,0,0,0,0,0,1,6.053725242614746
478,2013-09-20 22:00:00,22,0,14.0,20,0,0,0,0,0,0,1,4.178297519683838
479,2013-09-20 23:00:00,23,0,14.0,20,0,0,0,0,0,0,1,4.263303279876709
480,2013-09-21 00:00:00,0,0,14.0,21,1,0,0,0,0,0,0,5.942509174346924
481,2013-09-21 01:00:00,1,0,15.0,21,1,0,0,0,0,0,0,6.029646873474121
482,2013-09-21 02:00:00,2,0,15.0,21,1,0,0,0,0,0,0,5.980977535247803
483,2013-09-21 03:00:00,3,0,15.0,21,1,0,0,0,0,0,0,6.031428813934326
484,2013-09-21 04:00:00,4,0,15.0,21,1,0,0,0,0,0,0,6.065830707550049
485,2013-09-21 05:00:00,5,0,15.0,21,1,0,0,0,0,0,0,6.0111541748046875
486,2013-09-21 06:00:00,6,0,15.0,21,1,0,0,0,0,0,0,6.0031585693359375
487,2013-09-21 07:00:00,7,0,15.0,21,1,0,0,0,0,0,0,5.919681072235107
488,2013-09-21 08:00:00,8,0,15.0,21,1,0,0,0,0,0,0,6.023927211761475
489,2013-09-21 09:00:00,9,0,15.0,21,1,0,0,0,0,0,0,6.1611175537109375
490,2013-09-21 10:00:00,10,0,15.0,21,1,0,0,0,0,0,0,7.18782901763916
491,2013-09-21 11:00:00,11,0,15.0,21,1,0,0,0,0,0,0,7.005044937133789
492,2013-09-21 12:00:00,12,0,13.0,21,1,0,0,0,0,0,0,6.8856048583984375
493,2013-09-21 13:00:00,13,0,13.0,21,1,0,0,0,0,0,0,7.99804162979126
494,2013-09-21 14:00:00,14,0,13.0,21,1,0,0,0,0,0,0,7.228885650634766
495,2013-09-21 15:00:00,15,0,13.0,21,1,0,0,0,0,0,0,7.04412841796875
496,2013-09-21 16:00:00,16,0,15.0,21,1,0,0,0,0,0,0,6.071394920349121
497,2013-09-21 17:00:00,17,0,15.0,21,1,0,0,0,0,0,0,6.011117935180664
498,2013-09-21 18:00:00,18,0,15.0,21,1,0,0,0,0,0,0,5.750651836395264
499,2013-09-21 19:00:00,19,0,15.0,21,1,0,0,0,0,0,0,3.9054203033447266
500,2013-09-21 20:00:00,20,0,16.0,21,1,0,0,0,0,0,0,5.823877334594727
501,2013-09-21 21:00:00,21,0,16.0,21,1,0,0,0,0,0,0,5.8152923583984375
502,2013-09-21 22:00:00,22,0,16.0,21,1,0,0,0,0,0,0,4.087639808654785
503,2013-09-21 23:00:00,23,0,16.0,21,1,0,0,0,0,0,0,3.9193613529205322
504,2013-09-22 00:00:00,0,0,16.0,22,0,1,0,0,0,0,0,4.039804458618164
505,2013-09-22 01:00:00,1,0,16.0,22,0,1,0,0,0,0,0,4.011684417724609
506,2013-09-22 02:00:00,2,0,16.0,22,0,1,0,0,0,0,0,4.047755241394043
507,2013-09-22 03:00:00,3,0,16.0,22,0,1,0,0,0,0,0,4.04945707321167
508,2013-09-22 04:00:00,4,0,16.0,22,0,1,0,0,0,0,0,4.014656066894531
509,2013-09-22 05:00:00,5,0,16.0,22,0,1,0,0,0,0,0,3.939009666442871
510,2013-09-22 06:00:00,6,0,16.0,22,0,1,0,0,0,0,0,3.7481772899627686
511,2013-09-22 07:00:00,7,0,17.0,22,0,1,0,0,0,0,0,3.9817800521850586
512,2013-09-22 08:00:00,8,0,17.0,22,0,1,0,0,0,0,0,4.107798099517822
513,2013-09-22 09:00:00,9,0,19.0,22,0,1,0,0,0,0,0,4.280716419219971
514,2013-09-22 10:00:00,10,0,18.0,22,0,1,0,0,0,0,0,8.41805362701416
515,2013-09-22 11:00:00,11,0,18.0,22,0,1,0,0,0,0,0,9.26004695892334
516,2013-09-22 12:00:00,12,0,18.0,22,0,1,0,0,0,0,0,9.049760818481445
517,2013-09-22 13:00:00,13,0,18.0,22,0,1,0,0,0,0,0,8.977118492126465
518,2013-09-22 14:00:00,14,0,17.0,22,0,1,0,0,0,0,0,9.129575729370117
519,2013-09-22 15:00:00,15,0,17.0,22,0,1,0,0,0,0,0,6.761411190032959
520,2013-09-22 16:00:00,16,0,17.0,22,0,1,0,0,0,0,0,2.922344207763672
521,2013-09-22 17:00:00,17,0,17.0,22,0,1,0,0,0,0,0,2.8773841857910156
522,2013-09-22 18:00:00,18,0,13.0,22,0,1,0,0,0,0,0,2.8964200019836426
523,2013-09-22 19:00:00,19,0,13.0,22,0,1,0,0,0,0,0,8.431406021118164
524,2013-09-22 20:00:00,20,0,13.0,22,0,1,0,0,0,0,0,7.734969139099121
525,2013-09-22 21:00:00,21,0,13.0,22,0,1,0,0,0,0,0,9.720649719238281
526,2013-09-22 22:00:00,22,0,13.0,22,0,1,0,0,0,0,0,9.827970504760742
527,2013-09-22 23:00:00,23,0,13.0,22,0,1,0,0,0,0,0,9.828128814697266
528,2013-09-23 00:00:00,0,0,13.0,23,0,0,1,0,0,0,0,10.014079093933105
529,2013-09-23 01:00:00,1,0,13.0,23,0,0,1,0,0,0,0,9.933985710144043
530,2013-09-23 02:00:00,2,0,13.0,23,0,0,1,0,0,0,0,9.97122573852539
531,2013-09-23 03:00:00,3,0,12.0,23,0,0,1,0,0,0,0,10.01747989654541
532,2013-09-23 04:00:00,4,0,12.0,23,0,0,1,0,0,0,0,10.035869598388672
533,2013-09-23 05:00:00,5,0,12.0,23,0,0,1,0,0,0,0,10.081331253051758
534,2013-09-23 06:00:00,6,0,12.0,23,0,0,1,0,0,0,0,10.121268272399902
535,2013-09-23 07:00:00,7,0,12.0,23,0,0,1,0,0,0,0,10.600739479064941
536,2013-09-23 08:00:00,8,0,11.0,23,0,0,1,0,0,0,0,12.846662521362305
537,2013-09-23 09:00:00,9,0,10.0,23,0,0,1,0,0,0,0,16.84278678894043
538,2013-09-23 10:00:00,10,0,7.0,23,0,0,1,0,0,0,0,10.687207221984863
539,2013-09-23 11:00:00,11,0,6.0,23,0,0,1,0,0,0,0,10.442898750305176
540,2013-09-23 12:00:00,12,0,7.0,23,0,0,1,0,0,0,0,9.653706550598145
541,2013-09-23 13:00:00,13,0,7.0,23,0,0,1,0,0,0,0,9.178709983825684
542,2013-09-23 14:00:00,14,0,6.0,23,0,0,1,0,0,0,0,10.094491958618164
543,2013-09-23 15:00:00,15,0,6.0,23,0,0,1,0,0,0,0,10.161726951599121
544,2013-09-23 16:00:00,16,0,6.0,23,0,0,1,0,0,0,0,9.760467529296875
545,2013-09-23 17:00:00,17,0,15.0,23,0,0,1,0,0,0,0,7.470074653625488
546,2013-09-23 18:00:00,18,0,15.0,23,0,0,1,0,0,0,0,1.4066212177276611
547,2013-09-23 19:00:00,19,0,16.0,23,0,0,1,0,0,0,0,1.9515819549560547
548,2013-09-23 20:00:00,20,0,15.0,23,0,0,1,0,0,0,0,1.896241307258606
549,2013-09-23 21:00:00,21,0,15.0,23,0,0,1,0,0,0,0,1.7501225471496582
550,2013-09-23 22:00:00,22,0,16.0,23,0,0,1,0,0,0,0,1.1700959205627441
551,2013-09-23 23:00:00,23,0,16.0,23,0,0,1,0,0,0,0,1.1642838716506958
552,2013-09-24 00:00:00,0,0,16.0,24,0,0,0,0,0,1,0,1.2325931787490845
553,2013-09-24 01:00:00,1,0,16.0,24,0,0,0,0,0,1,0,1.076928734779358
554,2013-09-24 02:00:00,2,0,16.0,24,0,0,0,0,0,1,0,0.9651194214820862
555,2013-09-24 03:00:00,3,0,16.0,24,0,0,0,0,0,1,0,0.9649596810340881
556,2013-09-24 04:00:00,4,0,16.0,24,0,0,0,0,0,1,0,0.9080756902694702
557,2013-09-24 05:00:00,5,0,16.0,24,0,0,0,0,0,1,0,0.9174401760101318
558,2013-09-24 06:00:00,6,0,17.0,24,0,0,0,0,0,1,0,0.8524864912033081
559,2013-09-24 07:00:00,7,0,18.0,24,0,0,0,0,0,1,0,1.835992693901062
560,2013-09-24 08:00:00,8,0,18.0,24,0,0,0,0,0,1,0,5.7022013664245605
561,2013-09-24 09:00:00,9,0,13.0,24,0,0,0,0,0,1,0,9.840866088867188
562,2013-09-24 10:00:00,10,0,12.0,24,0,0,0,0,0,1,0,12.013586044311523
563,2013-09-24 11:00:00,11,0,12.0,24,0,0,0,0,0,1,0,12.132107734680176
564,2013-09-24 12:00:00,12,0,12.0,24,0,0,0,0,0,1,0,13.976484298706055
565,2013-09-24 13:00:00,13,0,12.0,24,0,0,0,0,0,1,0,9.27283763885498
566,2013-09-24 14:00:00,14,0,12.0,24,0,0,0,0,0,1,0,8.853008270263672
567,2013-09-24 15:00:00,15,0,13.0,24,0,0,0,0,0,1,0,7.889925956726074
568,2013-09-24 16:00:00,16,0,13.0,24,0,0,0,0,0,1,0,10.934141159057617
569,2013-09-24 17:00:00,17,0,15.0,24,0,0,0,0,0,1,0,12.257335662841797
570,2013-09-24 18:00:00,18,0,13.0,24,0,0,0,0,0,1,0,2.9861621856689453
571,2013-09-24 19:00:00,19,0,12.0,24,0,0,0,0,0,1,0,0.7571982145309448
572,2013-09-24 20:00:00,20,0,13.0,24,0,0,0,0,0,1,0,-0.12119829654693604
573,2013-09-24 21:00:00,21,0,14.0,24,0,0,0,0,0,1,0,3.7363686561584473
574,2013-09-24 22:00:00,22,0,13.0,24,0,0,0,0,0,1,0,4.727723121643066
575,2013-09-24 23:00:00,23,0,13.0,24,0,0,0,0,0,1,0,4.065952777862549
576,2013-09-25 00:00:00,0,0,12.0,25,0,0,0,0,1,0,0,3.8574063777923584
577,2013-09-25 01:00:00,1,0,12.0,25,0,0,0,0,1,0,0,3.994828939437866
578,2013-09-25 02:00:00,2,0,12.0,25,0,0,0,0,1,0,0,3.9199912548065186
579,2013-09-25 03:00:00,3,0,12.0,25,0,0,0,0,1,0,0,3.968431234359741
580,2013-09-25 04:00:00,4,0,12.0,25,0,0,0,0,1,0,0,4.023312568664551
581,2013-09-25 05:00:00,5,0,12.0,25,0,0,0,0,1,0,0,3.993349075317383
582,2013-09-25 06:00:00,6,0,13.0,25,0,0,0,0,1,0,0,4.100160598754883
583,2013-09-25 07:00:00,7,0,13.0,25,0,0,0,0,1,0,0,4.955422878265381
584,2013-09-25 08:00:00,8,0,11.0,25,0,0,0,0,1,0,0,7.028131484985352
585,2013-09-25 09:00:00,9,0,7.0,25,0,0,0,0,1,0,0,10.170482635498047
586,2013-09-25 10:00:00,10,0,4.0,25,0,0,0,0,1,0,0,10.992894172668457
587,2013-09-25 11:00:00,11,0,8.0,25,0,0,0,0,1,0,0,10.204728126525879
588,2013-09-25 12:00:00,12,0,8.0,25,0,0,0,0,1,0,0,9.97760009765625
589,2013-09-25 13:00:00,13,0,8.0,25,0,0,0,0,1,0,0,9.096455574035645
590,2013-09-25 14:00:00,14,0,9.0,25,0,0,0,0,1,0,0,7.136178493499756
591,2013-09-25 15:00:00,15,0,8.0,25,0,0,0,0,1,0,0,14.553070068359375
592,2013-09-25 16:00:00,16,0,8.0,25,0,0,0,0,1,0,0,14.030821800231934
593,2013-09-25 17:00:00,17,0,11.0,25,0,0,0,0,1,0,0,15.0655517578125
594,2013-09-25 18:00:00,18,0,14.0,25,0,0,0,0,1,0,0,4.3667497634887695
595,2013-09-25 19:00:00,19,0,14.0,25,0,0,0,0,1,0,0,1.0665955543518066
596,2013-09-25 20:00:00,20,0,14.0,25,0,0,0,0,1,0,0,1.9964431524276733
597,2013-09-25 21:00:00,21,0,15.0,25,0,0,0,0,1,0,0,2.121616840362549
598,2013-09-25 22:00:00,22,0,15.0,25,0,0,0,0,1,0,0,1.8720959424972534
599,2013-09-25 23:00:00,23,0,14.0,25,0,0,0,0,1,0,0,2.0086982250213623
600,2013-09-26 00:00:00,0,0,14.0,26,0,0,0,1,0,0,0,2.0185534954071045
601,2013-09-26 01:00:00,1,0,14.0,26,0,0,0,1,0,0,0,1.960757851600647
602,2013-09-26 02:00:00,2,0,14.0,26,0,0,0,1,0,0,0,1.974429965019226
603,2013-09-26 03:00:00,3,0,14.0,26,0,0,0,1,0,0,0,2.0253517627716064
604,2013-09-26 04:00:00,4,0,14.0,26,0,0,0,1,0,0,0,2.0751454830169678
605,2013-09-26 05:00:00,5,0,14.0,26,0,0,0,1,0,0,0,2.026005744934082
606,2013-09-26 06:00:00,6,0,15.0,26,0,0,0,1,0,0,0,1.963226318359375
607,2013-09-26 07:00:00,7,0,15.0,26,0,0,0,1,0,0,0,2.1568288803100586
608,2013-09-26 08:00:00,8,0,11.0,26,0,0,0,1,0,0,0,4.974307537078857
609,2013-09-26 09:00:00,9,0,9.0,26,0,0,0,1,0,0,0,6.31077766418457
610,2013-09-26 10:00:00,10,0,10.0,26,0,0,0,1,0,0,0,7.087687969207764
611,2013-09-26 11:00:00,11,0,10.0,26,0,0,0,1,0,0,0,7.828012943267822
612,2013-09-26 12:00:00,12,0,10.0,26,0,0,0,1,0,0,0,8.81489086151123
613,2013-09-26 13:00:00,13,0,10.0,26,0,0,0,1,0,0,0,9.671100616455078
614,2013-09-26 14:00:00,14,0,10.0,26,0,0,0,1,0,0,0,6.871990203857422
615,2013-09-26 15:00:00,15,0,9.0,26,0,0,0,1,0,0,0,5.7171406745910645
616,2013-09-26 16:00:00,16,0,9.0,26,0,0,0,1,0,0,0,4.7526373863220215
617,2013-09-26 17:00:00,17,0,13.0,26,0,0,0,1,0,0,0,2.8686935901641846
618,2013-09-26 18:00:00,18,0,15.0,26,0,0,0,1,0,0,0,0.8342015743255615
619,2013-09-26 19:00:00,19,0,16.0,26,0,0,0,1,0,0,0,0.7111672163009644
620,2013-09-26 20:00:00,20,0,16.0,26,0,0,0,1,0,0,0,0.7142734527587891
621,2013-09-26 21:00:00,21,0,15.0,26,0,0,0,1,0,0,0,-0.13734492659568787
622,2013-09-26 22:00:00,22,0,14.0,26,0,0,0,1,0,0,0,0.04282495379447937
623,2013-09-26 23:00:00,23,0,14.0,26,0,0,0,1,0,0,0,3.414839029312134
624,2013-09-27 00:00:00,0,0,13.0,27,0,0,0,0,0,0,1,3.070573568344116
625,2013-09-27 01:00:00,1,0,14.0,27,0,0,0,0,0,0,1,3.01489520072937
626,2013-09-27 02:00:00,2,0,14.0,27,0,0,0,0,0,0,1,3.166165828704834
627,2013-09-27 03:00:00,3,0,14.0,27,0,0,0,0,0,0,1,3.2973368167877197
628,2013-09-27 04:00:00,4,0,14.0,27,0,0,0,0,0,0,1,3.188023567199707
629,2013-09-27 05:00:00,5,0,14.0,27,0,0,0,0,0,0,1,3.175924777984619
630,2013-09-27 06:00:00,6,0,15.0,27,0,0,0,0,0,0,1,3.162576675415039
631,2013-09-27 07:00:00,7,0,15.0,27,0,0,0,0,0,0,1,3.2397217750549316
632,2013-09-27 08:00:00,8,0,16.0,27,0,0,0,0,0,0,1,4.862144947052002
633,2013-09-27 09:00:00,9,0,13.0,27,0,0,0,0,0,0,1,3.9294793605804443
634,2013-09-27 10:00:00,10,0,12.0,27,0,0,0,0,0,0,1,8.688060760498047
635,2013-09-27 11:00:00,11,0,12.0,27,0,0,0,0,0,0,1,8.626012802124023
636,2013-09-27 12:00:00,12,0,12.0,27,0,0,0,0,0,0,1,10.464841842651367
637,2013-09-27 13:00:00,13,0,13.0,27,0,0,0,0,0,0,1,9.974609375
638,2013-09-27 14:00:00,14,0,13.0,27,0,0,0,0,0,0,1,6.741467475891113
639,2013-09-27 15:00:00,15,0,13.0,27,0,0,0,0,0,0,1,5.6756110191345215
640,2013-09-27 16:00:00,16,0,13.0,27,0,0,0,0,0,0,1,3.7978999614715576
641,2013-09-27 17:00:00,17,0,17.0,27,0,0,0,0,0,0,1,1.2971760034561157
642,2013-09-27 18:00:00,18,0,16.0,27,0,0,0,0,0,0,1,3.3449928760528564
643,2013-09-27 19:00:00,19,0,13.0,27,0,0,0,0,0,0,1,9.934619903564453
644,2013-09-27 20:00:00,20,0,13.0,27,0,0,0,0,0,0,1,9.036323547363281
645,2013-09-27 21:00:00,21,0,13.0,27,0,0,0,0,0,0,1,11.00220775604248
646,2013-09-27 22:00:00,22,0,13.0,27,0,0,0,0,0,0,1,10.944997787475586
647,2013-09-27 23:00:00,23,0,12.0,27,0,0,0,0,0,0,1,10.95334243774414
648,2013-09-28 00:00:00,0,0,12.0,28,1,0,0,0,0,0,0,12.038938522338867
649,2013-09-28 01:00:00,1,0,12.0,28,1,0,0,0,0,0,0,11.984975814819336
650,2013-09-28 02:00:00,2,0,12.0,28,1,0,0,0,0,0,0,11.965217590332031
651,2013-09-28 03:00:00,3,0,12.0,28,1,0,0,0,0,0,0,11.96144962310791
652,2013-09-28 04:00:00,4,0,12.0,28,1,0,0,0,0,0,0,12.02676010131836
653,2013-09-28 05:00:00,5,0,12.0,28,1,0,0,0,0,0,0,12.020645141601562
654,2013-09-28 06:00:00,6,0,12.0,28,1,0,0,0,0,0,0,12.003215789794922
655,2013-09-28 07:00:00,7,0,12.0,28,1,0,0,0,0,0,0,12.100358009338379
656,2013-09-28 08:00:00,8,0,12.0,28,1,0,0,0,0,0,0,13.138673782348633
657,2013-09-28 09:00:00,9,0,12.0,28,1,0,0,0,0,0,0,13.155060768127441
658,2013-09-28 10:00:00,10,0,11.0,28,1,0,0,0,0,0,0,13.051383972167969
659,2013-09-28 11:00:00,11,0,10.0,28,1,0,0,0,0,0,0,12.19295883178711
660,2013-09-28 12:00:00,12,0,10.0,28,1,0,0,0,0,0,0,13.148775100708008
661,2013-09-28 13:00:00,13,0,10.0,28,1,0,0,0,0,0,0,13.034771919250488
662,2013-09-28 14:00:00,14,0,10.0,28,1,0,0,0,0,0,0,8.992547988891602
663,2013-09-28 15:00:00,15,0,10.0,28,1,0,0,0,0,0,0,6.888834476470947
664,2013-09-28 16:00:00,16,0,12.0,28,1,0,0,0,0,0,0,7.052579879760742
665,2013-09-28 17:00:00,17,0,11.0,28,1,0,0,0,0,0,0,6.999466896057129
666,2013-09-28 18:00:00,18,0,10.0,28,1,0,0,0,0,0,0,8.068236351013184
667,2013-09-28 19:00:00,19,0,8.0,28,1,0,0,0,0,0,0,10.148639678955078
668,2013-09-28 20:00:00,20,0,9.0,28,1,0,0,0,0,0,0,9.968015670776367
669,2013-09-28 21:00:00,21,0,9.0,28,1,0,0,0,0,0,0,9.960272789001465
670,2013-09-28 22:00:00,22,0,11.0,28,1,0,0,0,0,0,0,9.982644081115723
671,2013-09-28 23:00:00,23,0,11.0,28,1,0,0,0,0,0,0,10.038920402526855
672,2013-09-29 00:00:00,0,0,11.0,29,0,1,0,0,0,0,0,10.097626686096191
673,2013-09-29 01:00:00,1,0,11.0,29,0,1,0,0,0,0,0,10.116002082824707
674,2013-09-29 02:00:00,2,0,11.0,29,0,1,0,0,0,0,0,10.137051582336426
675,2013-09-29 03:00:00,3,0,11.0,29,0,1,0,0,0,0,0,10.066643714904785
676,2013-09-29 04:00:00,4,0,11.0,29,0,1,0,0,0,0,0,10.036916732788086
677,2013-09-29 05:00:00,5,0,11.0,29,0,1,0,0,0,0,0,10.059699058532715
678,2013-09-29 06:00:00,6,0,11.0,29,0,1,0,0,0,0,0,10.147562026977539
679,2013-09-29 07:00:00,7,0,11.0,29,0,1,0,0,0,0,0,10.175311088562012
680,2013-09-29 08:00:00,8,0,11.0,29,0,1,0,0,0,0,0,10.401458740234375
681,2013-09-29 09:00:00,9,0,11.0,29,0,1,0,0,0,0,0,10.104610443115234
682,2013-09-29 10:00:00,10,0,11.0,29,0,1,0,0,0,0,0,10.204065322875977
683,2013-09-29 11:00:00,11,0,11.0,29,0,1,0,0,0,0,0,10.871044158935547
684,2013-09-29 12:00:00,12,0,11.0,29,0,1,0,0,0,0,0,8.41225528717041
685,2013-09-29 13:00:00,13,0,11.0,29,0,1,0,0,0,0,0,8.239838600158691
686,2013-09-29 14:00:00,14,0,11.0,29,0,1,0,0,0,0,0,8.484567642211914
687,2013-09-29 15:00:00,15,0,11.0,29,0,1,0,0,0,0,0,8.383520126342773
688,2013-09-29 16:00:00,16,0,11.0,29,0,1,0,0,0,0,0,9.017547607421875
689,2013-09-29 17:00:00,17,0,11.0,29,0,1,0,0,0,0,0,8.32761001586914
690,2013-09-29 18:00:00,18,0,11.0,29,0,1,0,0,0,0,0,10.243574142456055
691,2013-09-29 19:00:00,19,0,19.0,29,0,1,0,0,0,0,0,8.36279296875
692,2013-09-29 20:00:00,20,0,19.0,29,0,1,0,0,0,0,0,7.2645111083984375
693,2013-09-29 21:00:00,21,0,18.0,29,0,1,0,0,0,0,0,9.070262908935547
694,2013-09-29 22:00:00,22,0,18.0,29,0,1,0,0,0,0,0,9.938239097595215
695,2013-09-29 23:00:00,23,0,18.0,29,0,1,0,0,0,0,0,9.982352256774902
696,2013-09-30 00:00:00,0,0,18.0,30,0,0,1,0,0,0,0,9.971747398376465
697,2013-09-30 01:00:00,1,0,18.0,30,0,0,1,0,0,0,0,9.975668907165527
698,2013-09-30 02:00:00,2,0,17.0,30,0,0,1,0,0,0,0,10.001988410949707
699,2013-09-30 03:00:00,3,0,17.0,30,0,0,1,0,0,0,0,9.947001457214355
700,2013-09-30 04:00:00,4,0,17.0,30,0,0,1,0,0,0,0,9.952101707458496
701,2013-09-30 05:00:00,5,0,17.0,30,0,0,1,0,0,0,0,9.97061538696289
702,2013-09-30 06:00:00,6,0,18.0,30,0,0,1,0,0,0,0,9.995737075805664
703,2013-09-30 07:00:00,7,0,18.0,30,0,0,1,0,0,0,0,10.199604988098145
704,2013-09-30 08:00:00,8,0,18.0,30,0,0,1,0,0,0,0,10.726099967956543
705,2013-09-30 09:00:00,9,0,14.0,30,0,0,1,0,0,0,0,8.569597244262695
706,2013-09-30 10:00:00,10,0,12.0,30,0,0,1,0,0,0,0,9.885354995727539
707,2013-09-30 11:00:00,11,0,11.0,30,0,0,1,0,0,0,0,9.982175827026367
708,2013-09-30 12:00:00,12,0,12.0,30,0,0,1,0,0,0,0,10.39535903930664
709,2013-09-30 13:00:00,13,0,12.0,30,0,0,1,0,0,0,0,12.516716003417969
710,2013-09-30 14:00:00,14,0,10.0,30,0,0,1,0,0,0,0,13.17404842376709
711,2013-09-30 15:00:00,15,0,11.0,30,0,0,1,0,0,0,0,12.163678169250488
712,2013-09-30 16:00:00,16,0,11.0,30,0,0,1,0,0,0,0,12.015604019165039
713,2013-09-30 17:00:00,17,0,15.0,30,0,0,1,0,0,0,0,11.170063972473145
714,2013-09-30 18:00:00,18,0,18.0,30,0,0,1,0,0,0,0,3.532487154006958
715,2013-09-30 19:00:00,19,0,18.0,30,0,0,1,0,0,0,0,3.352285861968994
716,2013-09-30 20:00:00,20,0,17.0,30,0,0,1,0,0,0,0,2.3066816329956055
717,2013-09-30 21:00:00,21,0,17.0,30,0,0,1,0,0,0,0,3.929769992828369
718,2013-09-30 22:00:00,22,0,16.0,30,0,0,1,0,0,0,0,9.875076293945312
719,2013-09-30 23:00:00,23,0,16.0,30,0,0,1,0,0,0,0,10.136697769165039
