,date,hour,station_id,bikes_available,day,weekday_土曜日,weekday_日曜日,weekday_月曜日,weekday_木曜日,weekday_水曜日,weekday_火曜日,weekday_金曜日,predict_24
265752,2014-01-02 00:00:00,0,15,16.0,2,0,0,0,1,0,0,0,15.984708374275247
265753,2014-01-02 01:00:00,1,15,16.0,2,0,0,0,1,0,0,0,15.985502031534049
265754,2014-01-02 02:00:00,2,15,16.0,2,0,0,0,1,0,0,0,15.937255806578394
265755,2014-01-02 03:00:00,3,15,16.0,2,0,0,0,1,0,0,0,15.942038665373786
265756,2014-01-02 04:00:00,4,15,16.0,2,0,0,0,1,0,0,0,15.910536582208454
265757,2014-01-02 05:00:00,5,15,16.0,2,0,0,0,1,0,0,0,15.924119823083911
265758,2014-01-02 06:00:00,6,15,16.0,2,0,0,0,1,0,0,0,15.872698569607655
265759,2014-01-02 07:00:00,7,15,16.0,2,0,0,0,1,0,0,0,15.840556296865945
265760,2014-01-02 08:00:00,8,15,16.0,2,0,0,0,1,0,0,0,15.790199539897957
265761,2014-01-02 09:00:00,9,15,15.0,2,0,0,0,1,0,0,0,15.205839139268805
265762,2014-01-02 10:00:00,10,15,15.0,2,0,0,0,1,0,0,0,15.202770665030489
265763,2014-01-02 11:00:00,11,15,15.0,2,0,0,0,1,0,0,0,15.175290840241036
265764,2014-01-02 12:00:00,12,15,15.0,2,0,0,0,1,0,0,0,15.175509018793736
265765,2014-01-02 13:00:00,13,15,15.0,2,0,0,0,1,0,0,0,15.17674751620073
265766,2014-01-02 14:00:00,14,15,15.0,2,0,0,0,1,0,0,0,15.027598959667795
265767,2014-01-02 15:00:00,15,15,15.0,2,0,0,0,1,0,0,0,15.034714318170767
265768,2014-01-02 16:00:00,16,15,15.0,2,0,0,0,1,0,0,0,15.039689950734306
265769,2014-01-02 17:00:00,17,15,15.0,2,0,0,0,1,0,0,0,14.972439467839967
265770,2014-01-02 18:00:00,18,15,15.0,2,0,0,0,1,0,0,0,14.785914009530744
265771,2014-01-02 19:00:00,19,15,15.0,2,0,0,0,1,0,0,0,14.827878704827885
265772,2014-01-02 20:00:00,20,15,15.0,2,0,0,0,1,0,0,0,14.91833542372563
265773,2014-01-02 21:00:00,21,15,15.0,2,0,0,0,1,0,0,0,15.075662656068953
265774,2014-01-02 22:00:00,22,15,15.0,2,0,0,0,1,0,0,0,15.10652423117642
265775,2014-01-02 23:00:00,23,15,15.0,2,0,0,0,1,0,0,0,15.10652423117642
265776,2014-01-03 00:00:00,0,15,15.0,3,0,0,0,0,0,0,1,15.134260990919344
265777,2014-01-03 01:00:00,1,15,15.0,3,0,0,0,0,0,0,1,15.113520057857418
265778,2014-01-03 02:00:00,2,15,15.0,3,0,0,0,0,0,0,1,15.083751584473411
265779,2014-01-03 03:00:00,3,15,15.0,3,0,0,0,0,0,0,1,15.088534443268804
265780,2014-01-03 04:00:00,4,15,15.0,3,0,0,0,0,0,0,1,15.057743842385966
265781,2014-01-03 05:00:00,5,15,15.0,3,0,0,0,0,0,0,1,15.061868953959102
265782,2014-01-03 06:00:00,6,15,15.0,3,0,0,0,0,0,0,1,15.112332459703248
265783,2014-01-03 07:00:00,7,15,15.0,3,0,0,0,0,0,0,1,15.1187302594841
265784,2014-01-03 08:00:00,8,15,15.0,3,0,0,0,0,0,0,1,15.086204368287495
265785,2014-01-03 09:00:00,9,15,15.0,3,0,0,0,0,0,0,1,14.7670176709864
265786,2014-01-03 10:00:00,10,15,15.0,3,0,0,0,0,0,0,1,14.836690118251726
265787,2014-01-03 11:00:00,11,15,15.0,3,0,0,0,0,0,0,1,14.819207447642551
265788,2014-01-03 12:00:00,12,15,15.0,3,0,0,0,0,0,0,1,14.893927616105463
265789,2014-01-03 13:00:00,13,15,15.0,3,0,0,0,0,0,0,1,14.95237536146821
265790,2014-01-03 14:00:00,14,15,15.0,3,0,0,0,0,0,0,1,14.858876407683576
265791,2014-01-03 15:00:00,15,15,15.0,3,0,0,0,0,0,0,1,14.85973258694135
265792,2014-01-03 16:00:00,16,15,15.0,3,0,0,0,0,0,0,1,14.852616313618116
265793,2014-01-03 17:00:00,17,15,15.0,3,0,0,0,0,0,0,1,14.69669768153905
265794,2014-01-03 18:00:00,18,15,14.0,3,0,0,0,0,0,0,1,14.353922412882907
265795,2014-01-03 19:00:00,19,15,14.0,3,0,0,0,0,0,0,1,14.175643439874847
265796,2014-01-03 20:00:00,20,15,14.0,3,0,0,0,0,0,0,1,14.033655773029501
265797,2014-01-03 21:00:00,21,15,14.0,3,0,0,0,0,0,0,1,14.105625733984596
265798,2014-01-03 22:00:00,22,15,14.0,3,0,0,0,0,0,0,1,14.142781210616436
265799,2014-01-03 23:00:00,23,15,14.0,3,0,0,0,0,0,0,1,14.142781210616436
265800,2014-01-04 00:00:00,0,15,14.0,4,1,0,0,0,0,0,0,13.648441247397557
265801,2014-01-04 01:00:00,1,15,14.0,4,1,0,0,0,0,0,0,13.61608412996635
265802,2014-01-04 02:00:00,2,15,13.0,4,1,0,0,0,0,0,0,13.186947865664417
265803,2014-01-04 03:00:00,3,15,13.0,4,1,0,0,0,0,0,0,13.170941892425715
265804,2014-01-04 04:00:00,4,15,13.0,4,1,0,0,0,0,0,0,13.128010610811659
265805,2014-01-04 05:00:00,5,15,13.0,4,1,0,0,0,0,0,0,13.03999325933538
265806,2014-01-04 06:00:00,6,15,13.0,4,1,0,0,0,0,0,0,13.034173883687078
265807,2014-01-04 07:00:00,7,15,13.0,4,1,0,0,0,0,0,0,13.058044630319426
265808,2014-01-04 08:00:00,8,15,13.0,4,1,0,0,0,0,0,0,13.100804448669214
265809,2014-01-04 09:00:00,9,15,13.0,4,1,0,0,0,0,0,0,12.963381914229533
265810,2014-01-04 10:00:00,10,15,13.0,4,1,0,0,0,0,0,0,12.946084798827066
265811,2014-01-04 11:00:00,11,15,13.0,4,1,0,0,0,0,0,0,12.95267745799995
265812,2014-01-04 12:00:00,12,15,13.0,4,1,0,0,0,0,0,0,12.979574837400936
265813,2014-01-04 13:00:00,13,15,13.0,4,1,0,0,0,0,0,0,12.953117434571558
265814,2014-01-04 14:00:00,14,15,13.0,4,1,0,0,0,0,0,0,13.085428969578583
265815,2014-01-04 15:00:00,15,15,13.0,4,1,0,0,0,0,0,0,13.037647976241553
265816,2014-01-04 16:00:00,16,15,13.0,4,1,0,0,0,0,0,0,13.050346468387497
265817,2014-01-04 17:00:00,17,15,13.0,4,1,0,0,0,0,0,0,13.111927938738965
265818,2014-01-04 18:00:00,18,15,13.0,4,1,0,0,0,0,0,0,13.141888776062101
265819,2014-01-04 19:00:00,19,15,13.0,4,1,0,0,0,0,0,0,13.643704509847035
265820,2014-01-04 20:00:00,20,15,16.0,4,1,0,0,0,0,0,0,15.322520719537511
265821,2014-01-04 21:00:00,21,15,16.0,4,1,0,0,0,0,0,0,15.715149387413083
265822,2014-01-04 22:00:00,22,15,16.0,4,1,0,0,0,0,0,0,15.739183453857404
265823,2014-01-04 23:00:00,23,15,16.0,4,1,0,0,0,0,0,0,15.739183453857404
265824,2014-01-05 00:00:00,0,15,16.0,5,0,1,0,0,0,0,0,16.040253602948653
265825,2014-01-05 01:00:00,1,15,16.0,5,0,1,0,0,0,0,0,16.05646389231888
265826,2014-01-05 02:00:00,2,15,16.0,5,0,1,0,0,0,0,0,15.973245783929137
265827,2014-01-05 03:00:00,3,15,16.0,5,0,1,0,0,0,0,0,15.980896089856499
265828,2014-01-05 04:00:00,4,15,16.0,5,0,1,0,0,0,0,0,15.957811535115056
265829,2014-01-05 05:00:00,5,15,16.0,5,0,1,0,0,0,0,0,15.96186515258404
265830,2014-01-05 06:00:00,6,15,16.0,5,0,1,0,0,0,0,0,16.000636062494436
265831,2014-01-05 07:00:00,7,15,16.0,5,0,1,0,0,0,0,0,15.996631084538807
265832,2014-01-05 08:00:00,8,15,16.0,5,0,1,0,0,0,0,0,16.05238487766742
265833,2014-01-05 09:00:00,9,15,16.0,5,0,1,0,0,0,0,0,15.869301378690615
265834,2014-01-05 10:00:00,10,15,16.0,5,0,1,0,0,0,0,0,15.977215923315933
265835,2014-01-05 11:00:00,11,15,16.0,5,0,1,0,0,0,0,0,15.95840055268455
265836,2014-01-05 12:00:00,12,15,16.0,5,0,1,0,0,0,0,0,15.940349511450185
265837,2014-01-05 13:00:00,13,15,16.0,5,0,1,0,0,0,0,0,16.00086846967671
265838,2014-01-05 14:00:00,14,15,16.0,5,0,1,0,0,0,0,0,16.093127654774573
265839,2014-01-05 15:00:00,15,15,16.0,5,0,1,0,0,0,0,0,16.085404112362696
265840,2014-01-05 16:00:00,16,15,16.0,5,0,1,0,0,0,0,0,16.100512342511415
265841,2014-01-05 17:00:00,17,15,16.0,5,0,1,0,0,0,0,0,15.975144770760558
265842,2014-01-05 18:00:00,18,15,16.0,5,0,1,0,0,0,0,0,15.90212654090436
265843,2014-01-05 19:00:00,19,15,16.0,5,0,1,0,0,0,0,0,15.810295672741482
265844,2014-01-05 20:00:00,20,15,15.0,5,0,1,0,0,0,0,0,15.661210951697798
265845,2014-01-05 21:00:00,21,15,16.0,5,0,1,0,0,0,0,0,15.941110624672708
265846,2014-01-05 22:00:00,22,15,16.0,5,0,1,0,0,0,0,0,15.969075557478273
265847,2014-01-05 23:00:00,23,15,16.0,5,0,1,0,0,0,0,0,15.969075557478273
265848,2014-01-06 00:00:00,0,15,16.0,6,0,0,1,0,0,0,0,15.98172352483489
265849,2014-01-06 01:00:00,1,15,16.0,6,0,0,1,0,0,0,0,16.00608405426806
265850,2014-01-06 02:00:00,2,15,16.0,6,0,0,1,0,0,0,0,16.004910795788618
265851,2014-01-06 03:00:00,3,15,16.0,6,0,0,1,0,0,0,0,16.00425192127598
265852,2014-01-06 04:00:00,4,15,16.0,6,0,0,1,0,0,0,0,15.988920269284478
265853,2014-01-06 05:00:00,5,15,16.0,6,0,0,1,0,0,0,0,15.973486440344645
265854,2014-01-06 06:00:00,6,15,16.0,6,0,0,1,0,0,0,0,15.951962687950045
265855,2014-01-06 07:00:00,7,15,16.0,6,0,0,1,0,0,0,0,16.157706710537802
265856,2014-01-06 08:00:00,8,15,16.0,6,0,0,1,0,0,0,0,15.894396211710706
265857,2014-01-06 09:00:00,9,15,15.0,6,0,0,1,0,0,0,0,15.050481219721332
265858,2014-01-06 10:00:00,10,15,15.0,6,0,0,1,0,0,0,0,15.142302509764654
265859,2014-01-06 11:00:00,11,15,15.0,6,0,0,1,0,0,0,0,15.085905225789359
265860,2014-01-06 12:00:00,12,15,15.0,6,0,0,1,0,0,0,0,14.914032502007169
265861,2014-01-06 13:00:00,13,15,15.0,6,0,0,1,0,0,0,0,14.935360388868826
265862,2014-01-06 14:00:00,14,15,15.0,6,0,0,1,0,0,0,0,14.940024089267421
265863,2014-01-06 15:00:00,15,15,15.0,6,0,0,1,0,0,0,0,14.942952233138683
265864,2014-01-06 16:00:00,16,15,15.0,6,0,0,1,0,0,0,0,14.952779696261151
265865,2014-01-06 17:00:00,17,15,15.0,6,0,0,1,0,0,0,0,15.021609548366273
265866,2014-01-06 18:00:00,18,15,15.0,6,0,0,1,0,0,0,0,14.986969689585141
265867,2014-01-06 19:00:00,19,15,15.0,6,0,0,1,0,0,0,0,14.909686018463264
265868,2014-01-06 20:00:00,20,15,15.0,6,0,0,1,0,0,0,0,14.826742309334376
265869,2014-01-06 21:00:00,21,15,15.0,6,0,0,1,0,0,0,0,15.021584292993769
265870,2014-01-06 22:00:00,22,15,15.0,6,0,0,1,0,0,0,0,15.066637775885185
265871,2014-01-06 23:00:00,23,15,15.0,6,0,0,1,0,0,0,0,15.066637775885185
265872,2014-01-07 00:00:00,0,15,15.0,7,0,0,0,0,0,1,0,14.892694038674067
265873,2014-01-07 01:00:00,1,15,15.0,7,0,0,0,0,0,1,0,14.94274787256755
265874,2014-01-07 02:00:00,2,15,15.0,7,0,0,0,0,0,1,0,14.975504888433274
265875,2014-01-07 03:00:00,3,15,15.0,7,0,0,0,0,0,1,0,14.98670920648794
265876,2014-01-07 04:00:00,4,15,15.0,7,0,0,0,0,0,1,0,14.941799279119722
265877,2014-01-07 05:00:00,5,15,15.0,7,0,0,0,0,0,1,0,14.958915515193944
265878,2014-01-07 06:00:00,6,15,15.0,7,0,0,0,0,0,1,0,14.97047200596437
265879,2014-01-07 07:00:00,7,15,15.0,7,0,0,0,0,0,1,0,14.927383679643091
265880,2014-01-07 08:00:00,8,15,14.0,7,0,0,0,0,0,1,0,14.00099806269687
265881,2014-01-07 09:00:00,9,15,13.0,7,0,0,0,0,0,1,0,13.193758340725298
265882,2014-01-07 10:00:00,10,15,13.0,7,0,0,0,0,0,1,0,13.009824328226818
265883,2014-01-07 11:00:00,11,15,13.0,7,0,0,0,0,0,1,0,12.97836836075852
265884,2014-01-07 12:00:00,12,15,13.0,7,0,0,0,0,0,1,0,12.954858285983743
265885,2014-01-07 13:00:00,13,15,13.0,7,0,0,0,0,0,1,0,13.124155332259008
265886,2014-01-07 14:00:00,14,15,13.0,7,0,0,0,0,0,1,0,13.039080263598102
265887,2014-01-07 15:00:00,15,15,13.0,7,0,0,0,0,0,1,0,13.003888579811699
265888,2014-01-07 16:00:00,16,15,13.0,7,0,0,0,0,0,1,0,13.006233999558969
265889,2014-01-07 17:00:00,17,15,13.0,7,0,0,0,0,0,1,0,13.04020573027841
265890,2014-01-07 18:00:00,18,15,13.0,7,0,0,0,0,0,1,0,13.16209968969043
265891,2014-01-07 19:00:00,19,15,13.0,7,0,0,0,0,0,1,0,13.173533574002551
265892,2014-01-07 20:00:00,20,15,14.0,7,0,0,0,0,0,1,0,13.768976251043664
265893,2014-01-07 21:00:00,21,15,14.0,7,0,0,0,0,0,1,0,14.015703637999673
265894,2014-01-07 22:00:00,22,15,14.0,7,0,0,0,0,0,1,0,14.020338440613122
265895,2014-01-07 23:00:00,23,15,14.0,7,0,0,0,0,0,1,0,14.020338440613122
265896,2014-01-08 00:00:00,0,15,14.0,8,0,0,0,0,1,0,0,14.089844226434288
265897,2014-01-08 01:00:00,1,15,14.0,8,0,0,0,0,1,0,0,14.117780206198557
265898,2014-01-08 02:00:00,2,15,14.0,8,0,0,0,0,1,0,0,14.102335278580764
265899,2014-01-08 03:00:00,3,15,14.0,8,0,0,0,0,1,0,0,14.113896612102788
265900,2014-01-08 04:00:00,4,15,14.0,8,0,0,0,0,1,0,0,14.121626824072008
265901,2014-01-08 05:00:00,5,15,14.0,8,0,0,0,0,1,0,0,14.211806766523955
265902,2014-01-08 06:00:00,6,15,15.0,8,0,0,0,0,1,0,0,14.8217466230078
265903,2014-01-08 07:00:00,7,15,15.0,8,0,0,0,0,1,0,0,14.915936486119174
265904,2014-01-08 08:00:00,8,15,15.0,8,0,0,0,0,1,0,0,14.967973853600641
265905,2014-01-08 09:00:00,9,15,15.0,8,0,0,0,0,1,0,0,14.832021224148631
265906,2014-01-08 10:00:00,10,15,15.0,8,0,0,0,0,1,0,0,14.930668726699611
265907,2014-01-08 11:00:00,11,15,15.0,8,0,0,0,0,1,0,0,14.958469542021561
265908,2014-01-08 12:00:00,12,15,15.0,8,0,0,0,0,1,0,0,14.930154343215762
265909,2014-01-08 13:00:00,13,15,15.0,8,0,0,0,0,1,0,0,15.06639486621413
265910,2014-01-08 14:00:00,14,15,15.0,8,0,0,0,0,1,0,0,15.010734295314611
265911,2014-01-08 15:00:00,15,15,15.0,8,0,0,0,0,1,0,0,15.015649490326057
265912,2014-01-08 16:00:00,16,15,15.0,8,0,0,0,0,1,0,0,15.056161315911321
265913,2014-01-08 17:00:00,17,15,15.0,8,0,0,0,0,1,0,0,14.976880240814955
265914,2014-01-08 18:00:00,18,15,15.0,8,0,0,0,0,1,0,0,15.02406722386756
265915,2014-01-08 19:00:00,19,15,15.0,8,0,0,0,0,1,0,0,14.589987160563917
265916,2014-01-08 20:00:00,20,15,15.0,8,0,0,0,0,1,0,0,15.056649436945513
265917,2014-01-08 21:00:00,21,15,15.0,8,0,0,0,0,1,0,0,15.001160384562475
265918,2014-01-08 22:00:00,22,15,15.0,8,0,0,0,0,1,0,0,14.982313370114403
265919,2014-01-08 23:00:00,23,15,15.0,8,0,0,0,0,1,0,0,14.982313370114403
265920,2014-01-09 00:00:00,0,15,15.0,9,0,0,0,1,0,0,0,14.936570829062427
265921,2014-01-09 01:00:00,1,15,15.0,9,0,0,0,1,0,0,0,14.983823794201895
265922,2014-01-09 02:00:00,2,15,15.0,9,0,0,0,1,0,0,0,14.963728888251957
265923,2014-01-09 03:00:00,3,15,15.0,9,0,0,0,1,0,0,0,14.964807733827811
265924,2014-01-09 04:00:00,4,15,15.0,9,0,0,0,1,0,0,0,14.958037962333323
265925,2014-01-09 05:00:00,5,15,15.0,9,0,0,0,1,0,0,0,14.935237605971896
265926,2014-01-09 06:00:00,6,15,15.0,9,0,0,0,1,0,0,0,14.993186640570674
265927,2014-01-09 07:00:00,7,15,15.0,9,0,0,0,1,0,0,0,15.03840524877071
265928,2014-01-09 08:00:00,8,15,15.0,9,0,0,0,1,0,0,0,15.110227505012846
265929,2014-01-09 09:00:00,9,15,15.0,9,0,0,0,1,0,0,0,15.324837408122137
265930,2014-01-09 10:00:00,10,15,16.0,9,0,0,0,1,0,0,0,15.897052500814802
265931,2014-01-09 11:00:00,11,15,16.0,9,0,0,0,1,0,0,0,15.90386439589896
265932,2014-01-09 12:00:00,12,15,16.0,9,0,0,0,1,0,0,0,15.929352985151011
265933,2014-01-09 13:00:00,13,15,16.0,9,0,0,0,1,0,0,0,16.070731544360896
265934,2014-01-09 14:00:00,14,15,16.0,9,0,0,0,1,0,0,0,15.988366401020052
265935,2014-01-09 15:00:00,15,15,16.0,9,0,0,0,1,0,0,0,15.96680496461325
265936,2014-01-09 16:00:00,16,15,16.0,9,0,0,0,1,0,0,0,15.967446315732348
265937,2014-01-09 17:00:00,17,15,16.0,9,0,0,0,1,0,0,0,15.91334883663504
265938,2014-01-09 18:00:00,18,15,16.0,9,0,0,0,1,0,0,0,16.006191975518924
265939,2014-01-09 19:00:00,19,15,16.0,9,0,0,0,1,0,0,0,16.002047201567205
265940,2014-01-09 20:00:00,20,15,16.0,9,0,0,0,1,0,0,0,16.07335464731323
265941,2014-01-09 21:00:00,21,15,16.0,9,0,0,0,1,0,0,0,16.02024045391995
265942,2014-01-09 22:00:00,22,15,16.0,9,0,0,0,1,0,0,0,16.039966623255513
265943,2014-01-09 23:00:00,23,15,16.0,9,0,0,0,1,0,0,0,16.039966623255513
265944,2014-01-10 00:00:00,0,15,16.0,10,0,0,0,0,0,0,1,15.98029413042054
265945,2014-01-10 01:00:00,1,15,16.0,10,0,0,0,0,0,0,1,15.994071149173037
265946,2014-01-10 02:00:00,2,15,16.0,10,0,0,0,0,0,0,1,15.967423254198044
265947,2014-01-10 03:00:00,3,15,16.0,10,0,0,0,0,0,0,1,15.974244652882089
265948,2014-01-10 04:00:00,4,15,16.0,10,0,0,0,0,0,0,1,15.979116334244894
265949,2014-01-10 05:00:00,5,15,16.0,10,0,0,0,0,0,0,1,15.999268535399851
265950,2014-01-10 06:00:00,6,15,16.0,10,0,0,0,0,0,0,1,16.10604561582366
265951,2014-01-10 07:00:00,7,15,16.0,10,0,0,0,0,0,0,1,16.039119712209743
265952,2014-01-10 08:00:00,8,15,16.0,10,0,0,0,0,0,0,1,15.897177027042627
265953,2014-01-10 09:00:00,9,15,16.0,10,0,0,0,0,0,0,1,15.777173855674212
265954,2014-01-10 10:00:00,10,15,16.0,10,0,0,0,0,0,0,1,16.044804428299656
265955,2014-01-10 11:00:00,11,15,16.0,10,0,0,0,0,0,0,1,16.04524026390087
265956,2014-01-10 12:00:00,12,15,16.0,10,0,0,0,0,0,0,1,16.211118463067365
265957,2014-01-10 13:00:00,13,15,17.0,10,0,0,0,0,0,0,1,16.86709792168061
265958,2014-01-10 14:00:00,14,15,17.0,10,0,0,0,0,0,0,1,17.03884888275549
265959,2014-01-10 15:00:00,15,15,17.0,10,0,0,0,0,0,0,1,17.07141036822822
265960,2014-01-10 16:00:00,16,15,17.0,10,0,0,0,0,0,0,1,17.05954420400966
265961,2014-01-10 17:00:00,17,15,17.0,10,0,0,0,0,0,0,1,17.0367064270147
265962,2014-01-10 18:00:00,18,15,17.0,10,0,0,0,0,0,0,1,17.0978408903691
265963,2014-01-10 19:00:00,19,15,17.0,10,0,0,0,0,0,0,1,17.03953321365723
265964,2014-01-10 20:00:00,20,15,17.0,10,0,0,0,0,0,0,1,16.99604502142958
265965,2014-01-10 21:00:00,21,15,17.0,10,0,0,0,0,0,0,1,16.865385018167682
265966,2014-01-10 22:00:00,22,15,17.0,10,0,0,0,0,0,0,1,16.920471027745617
265967,2014-01-10 23:00:00,23,15,17.0,10,0,0,0,0,0,0,1,16.920471027745617
265968,2014-01-11 00:00:00,0,15,17.0,11,1,0,0,0,0,0,0,17.089060705922233
265969,2014-01-11 01:00:00,1,15,17.0,11,1,0,0,0,0,0,0,17.096802589861046
265970,2014-01-11 02:00:00,2,15,17.0,11,1,0,0,0,0,0,0,16.94606978452045
265971,2014-01-11 03:00:00,3,15,17.0,11,1,0,0,0,0,0,0,16.958655004492837
265972,2014-01-11 04:00:00,4,15,17.0,11,1,0,0,0,0,0,0,16.982265513229233
265973,2014-01-11 05:00:00,5,15,17.0,11,1,0,0,0,0,0,0,16.926701459606686
265974,2014-01-11 06:00:00,6,15,17.0,11,1,0,0,0,0,0,0,17.063198871316782
265975,2014-01-11 07:00:00,7,15,17.0,11,1,0,0,0,0,0,0,17.075585880565757
265976,2014-01-11 08:00:00,8,15,17.0,11,1,0,0,0,0,0,0,16.904171435438307
265977,2014-01-11 09:00:00,9,15,17.0,11,1,0,0,0,0,0,0,16.919626402287463
265978,2014-01-11 10:00:00,10,15,17.0,11,1,0,0,0,0,0,0,16.988925179393664
265979,2014-01-11 11:00:00,11,15,17.0,11,1,0,0,0,0,0,0,17.002908379388476
265980,2014-01-11 12:00:00,12,15,17.0,11,1,0,0,0,0,0,0,16.91328514860501
265981,2014-01-11 13:00:00,13,15,17.0,11,1,0,0,0,0,0,0,17.27251551339562
265982,2014-01-11 14:00:00,14,15,17.0,11,1,0,0,0,0,0,0,17.006031667170483
265983,2014-01-11 15:00:00,15,15,17.0,11,1,0,0,0,0,0,0,17.02563882530099
265984,2014-01-11 16:00:00,16,15,17.0,11,1,0,0,0,0,0,0,17.004985945586718
265985,2014-01-11 17:00:00,17,15,17.0,11,1,0,0,0,0,0,0,16.817248244457094
265986,2014-01-11 18:00:00,18,15,17.0,11,1,0,0,0,0,0,0,16.904613197303547
265987,2014-01-11 19:00:00,19,15,17.0,11,1,0,0,0,0,0,0,17.03238198153115
265988,2014-01-11 20:00:00,20,15,17.0,11,1,0,0,0,0,0,0,17.122640375681847
265989,2014-01-11 21:00:00,21,15,17.0,11,1,0,0,0,0,0,0,17.067720330240455
265990,2014-01-11 22:00:00,22,15,17.0,11,1,0,0,0,0,0,0,17.081317864123058
265991,2014-01-11 23:00:00,23,15,17.0,11,1,0,0,0,0,0,0,17.081317864123058
265992,2014-01-12 00:00:00,0,15,17.0,12,0,1,0,0,0,0,0,17.01007009533933
265993,2014-01-12 01:00:00,1,15,17.0,12,0,1,0,0,0,0,0,17.039488661912248
265994,2014-01-12 02:00:00,2,15,17.0,12,0,1,0,0,0,0,0,16.951060632298177
265995,2014-01-12 03:00:00,3,15,17.0,12,0,1,0,0,0,0,0,16.966790463829707
265996,2014-01-12 04:00:00,4,15,17.0,12,0,1,0,0,0,0,0,16.98933905813982
265997,2014-01-12 05:00:00,5,15,17.0,12,0,1,0,0,0,0,0,17.022837895775098
265998,2014-01-12 06:00:00,6,15,17.0,12,0,1,0,0,0,0,0,17.063397966497767
265999,2014-01-12 07:00:00,7,15,17.0,12,0,1,0,0,0,0,0,17.055824887284924
266000,2014-01-12 08:00:00,8,15,17.0,12,0,1,0,0,0,0,0,16.935304775760667
266001,2014-01-12 09:00:00,9,15,17.0,12,0,1,0,0,0,0,0,16.95048001103163
266002,2014-01-12 10:00:00,10,15,17.0,12,0,1,0,0,0,0,0,17.13423388413027
266003,2014-01-12 11:00:00,11,15,17.0,12,0,1,0,0,0,0,0,17.114759265665437
266004,2014-01-12 12:00:00,12,15,17.0,12,0,1,0,0,0,0,0,17.14621582833094
266005,2014-01-12 13:00:00,13,15,18.0,12,0,1,0,0,0,0,0,17.676057464431317
266006,2014-01-12 14:00:00,14,15,18.0,12,0,1,0,0,0,0,0,17.927876964509426
266007,2014-01-12 15:00:00,15,15,18.0,12,0,1,0,0,0,0,0,17.96073920067996
266008,2014-01-12 16:00:00,16,15,18.0,12,0,1,0,0,0,0,0,17.93401623704151
266009,2014-01-12 17:00:00,17,15,18.0,12,0,1,0,0,0,0,0,18.06961989970607
266010,2014-01-12 18:00:00,18,15,18.0,12,0,1,0,0,0,0,0,18.259590348204537
266011,2014-01-12 19:00:00,19,15,18.0,12,0,1,0,0,0,0,0,18.10301264037195
266012,2014-01-12 20:00:00,20,15,18.0,12,0,1,0,0,0,0,0,17.958606693207507
266013,2014-01-12 21:00:00,21,15,18.0,12,0,1,0,0,0,0,0,17.85885685180493
266014,2014-01-12 22:00:00,22,15,18.0,12,0,1,0,0,0,0,0,17.880364786083184
266015,2014-01-12 23:00:00,23,15,18.0,12,0,1,0,0,0,0,0,17.880364786083184
266016,2014-01-13 00:00:00,0,15,18.0,13,0,0,1,0,0,0,0,17.95867132659587
266017,2014-01-13 01:00:00,1,15,18.0,13,0,0,1,0,0,0,0,17.99559756099475
266018,2014-01-13 02:00:00,2,15,18.0,13,0,0,1,0,0,0,0,17.97675284590538
266019,2014-01-13 03:00:00,3,15,18.0,13,0,0,1,0,0,0,0,17.99076199132533
266020,2014-01-13 04:00:00,4,15,18.0,13,0,0,1,0,0,0,0,17.996997791006738
266021,2014-01-13 05:00:00,5,15,18.0,13,0,0,1,0,0,0,0,18.002508560304907
266022,2014-01-13 06:00:00,6,15,18.0,13,0,0,1,0,0,0,0,17.93966156192966
266023,2014-01-13 07:00:00,7,15,18.0,13,0,0,1,0,0,0,0,18.055371045336344
266024,2014-01-13 08:00:00,8,15,17.0,13,0,0,1,0,0,0,0,17.22146707470497
266025,2014-01-13 09:00:00,9,15,17.0,13,0,0,1,0,0,0,0,16.953970616893752
266026,2014-01-13 10:00:00,10,15,17.0,13,0,0,1,0,0,0,0,16.802150958292405
266027,2014-01-13 11:00:00,11,15,17.0,13,0,0,1,0,0,0,0,16.68305444337946
266028,2014-01-13 12:00:00,12,15,16.0,13,0,0,1,0,0,0,0,16.26871929191737
266029,2014-01-13 13:00:00,13,15,16.0,13,0,0,1,0,0,0,0,16.255680303588292
266030,2014-01-13 14:00:00,14,15,16.0,13,0,0,1,0,0,0,0,16.024895143269994
266031,2014-01-13 15:00:00,15,15,16.0,13,0,0,1,0,0,0,0,16.026141176156862
266032,2014-01-13 16:00:00,16,15,16.0,13,0,0,1,0,0,0,0,16.08935043240086
266033,2014-01-13 17:00:00,17,15,17.0,13,0,0,1,0,0,0,0,16.817347033480655
266034,2014-01-13 18:00:00,18,15,18.0,13,0,0,1,0,0,0,0,17.428954430907368
266035,2014-01-13 19:00:00,19,15,17.0,13,0,0,1,0,0,0,0,17.2298795562436
266036,2014-01-13 20:00:00,20,15,17.0,13,0,0,1,0,0,0,0,17.24643304543422
266037,2014-01-13 21:00:00,21,15,17.0,13,0,0,1,0,0,0,0,17.074357757856443
266038,2014-01-13 22:00:00,22,15,17.0,13,0,0,1,0,0,0,0,17.17283056034536
266039,2014-01-13 23:00:00,23,15,17.0,13,0,0,1,0,0,0,0,17.17283056034536
266040,2014-01-14 00:00:00,0,15,17.0,14,0,0,0,0,0,1,0,17.05767523228368
266041,2014-01-14 01:00:00,1,15,17.0,14,0,0,0,0,0,1,0,17.08331279042467
266042,2014-01-14 02:00:00,2,15,17.0,14,0,0,0,0,0,1,0,17.011760061513776
266043,2014-01-14 03:00:00,3,15,17.0,14,0,0,0,0,0,1,0,17.031036962974863
266044,2014-01-14 04:00:00,4,15,17.0,14,0,0,0,0,0,1,0,17.0719395211586
266045,2014-01-14 05:00:00,5,15,17.0,14,0,0,0,0,0,1,0,17.161297045564623
266046,2014-01-14 06:00:00,6,15,18.0,14,0,0,0,0,0,1,0,17.850324145706733
266047,2014-01-14 07:00:00,7,15,18.0,14,0,0,0,0,0,1,0,17.92907022366108
266048,2014-01-14 08:00:00,8,15,17.0,14,0,0,0,0,0,1,0,17.1448492565101
266049,2014-01-14 09:00:00,9,15,17.0,14,0,0,0,0,0,1,0,16.865285262680484
266050,2014-01-14 10:00:00,10,15,17.0,14,0,0,0,0,0,1,0,16.94988391100868
266051,2014-01-14 11:00:00,11,15,17.0,14,0,0,0,0,0,1,0,16.947841328234947
266052,2014-01-14 12:00:00,12,15,17.0,14,0,0,0,0,0,1,0,16.85731487534055
266053,2014-01-14 13:00:00,13,15,17.0,14,0,0,0,0,0,1,0,17.078284171729944
266054,2014-01-14 14:00:00,14,15,17.0,14,0,0,0,0,0,1,0,16.960015017372836
266055,2014-01-14 15:00:00,15,15,17.0,14,0,0,0,0,0,1,0,16.93252519440505
266056,2014-01-14 16:00:00,16,15,17.0,14,0,0,0,0,0,1,0,16.926611308314815
266057,2014-01-14 17:00:00,17,15,17.0,14,0,0,0,0,0,1,0,17.362386019260775
266058,2014-01-14 18:00:00,18,15,18.0,14,0,0,0,0,0,1,0,18.03062862411252
266059,2014-01-14 19:00:00,19,15,18.0,14,0,0,0,0,0,1,0,17.990689360607895
266060,2014-01-14 20:00:00,20,15,18.0,14,0,0,0,0,0,1,0,18.060761691329223
266061,2014-01-14 21:00:00,21,15,18.0,14,0,0,0,0,0,1,0,17.82492390475675
266062,2014-01-14 22:00:00,22,15,18.0,14,0,0,0,0,0,1,0,17.821651175783963
266063,2014-01-14 23:00:00,23,15,18.0,14,0,0,0,0,0,1,0,17.821651175783963
266064,2014-01-15 00:00:00,0,15,18.0,15,0,0,0,0,1,0,0,17.83659001234258
266065,2014-01-15 01:00:00,1,15,18.0,15,0,0,0,0,1,0,0,17.92618845754665
266066,2014-01-15 02:00:00,2,15,18.0,15,0,0,0,0,1,0,0,17.97170409354489
266067,2014-01-15 03:00:00,3,15,18.0,15,0,0,0,0,1,0,0,17.99057460864376
266068,2014-01-15 04:00:00,4,15,18.0,15,0,0,0,0,1,0,0,17.98731507609416
266069,2014-01-15 05:00:00,5,15,18.0,15,0,0,0,0,1,0,0,17.98137069265862
266070,2014-01-15 06:00:00,6,15,18.0,15,0,0,0,0,1,0,0,17.9997734632576
266071,2014-01-15 07:00:00,7,15,18.0,15,0,0,0,0,1,0,0,17.92845926732264
266072,2014-01-15 08:00:00,8,15,17.0,15,0,0,0,0,1,0,0,16.964914238229884
266073,2014-01-15 09:00:00,9,15,16.0,15,0,0,0,0,1,0,0,16.161506827548276
266074,2014-01-15 10:00:00,10,15,16.0,15,0,0,0,0,1,0,0,16.04948103432015
266075,2014-01-15 11:00:00,11,15,16.0,15,0,0,0,0,1,0,0,16.064606707491116
266076,2014-01-15 12:00:00,12,15,16.0,15,0,0,0,0,1,0,0,16.004305066721624
266077,2014-01-15 13:00:00,13,15,16.0,15,0,0,0,0,1,0,0,16.09458996889944
266078,2014-01-15 14:00:00,14,15,16.0,15,0,0,0,0,1,0,0,15.921471676329494
266079,2014-01-15 15:00:00,15,15,16.0,15,0,0,0,0,1,0,0,15.935318150071836
266080,2014-01-15 16:00:00,16,15,16.0,15,0,0,0,0,1,0,0,15.965173739753077
266081,2014-01-15 17:00:00,17,15,16.0,15,0,0,0,0,1,0,0,16.054677930116064
266082,2014-01-15 18:00:00,18,15,16.0,15,0,0,0,0,1,0,0,16.244243117531624
266083,2014-01-15 19:00:00,19,15,16.0,15,0,0,0,0,1,0,0,15.774990940560583
266084,2014-01-15 20:00:00,20,15,16.0,15,0,0,0,0,1,0,0,15.537582263151794
266085,2014-01-15 21:00:00,21,15,14.0,15,0,0,0,0,1,0,0,14.405955624768207
266086,2014-01-15 22:00:00,22,15,14.0,15,0,0,0,0,1,0,0,14.260692185001009
266087,2014-01-15 23:00:00,23,15,14.0,15,0,0,0,0,1,0,0,14.260692185001009
266088,2014-01-16 00:00:00,0,15,14.0,16,0,0,0,1,0,0,0,14.016947643733282
266089,2014-01-16 01:00:00,1,15,14.0,16,0,0,0,1,0,0,0,14.054384705388639
266090,2014-01-16 02:00:00,2,15,14.0,16,0,0,0,1,0,0,0,14.007712655011318
266091,2014-01-16 03:00:00,3,15,14.0,16,0,0,0,1,0,0,0,14.015485942439502
266092,2014-01-16 04:00:00,4,15,14.0,16,0,0,0,1,0,0,0,14.012687873930375
266093,2014-01-16 05:00:00,5,15,14.0,16,0,0,0,1,0,0,0,14.004413063558644
266094,2014-01-16 06:00:00,6,15,14.0,16,0,0,0,1,0,0,0,14.05803005030863
266095,2014-01-16 07:00:00,7,15,14.0,16,0,0,0,1,0,0,0,14.09337262596875
266096,2014-01-16 08:00:00,8,15,14.0,16,0,0,0,1,0,0,0,13.97961668206274
266097,2014-01-16 09:00:00,9,15,14.0,16,0,0,0,1,0,0,0,13.842756864197288
266098,2014-01-16 10:00:00,10,15,14.0,16,0,0,0,1,0,0,0,13.998530237226063
266099,2014-01-16 11:00:00,11,15,14.0,16,0,0,0,1,0,0,0,14.010055429675715
266100,2014-01-16 12:00:00,12,15,14.0,16,0,0,0,1,0,0,0,14.012983797557895
266101,2014-01-16 13:00:00,13,15,14.0,16,0,0,0,1,0,0,0,13.820590684207238
266102,2014-01-16 14:00:00,14,15,13.0,16,0,0,0,1,0,0,0,13.015182858520866
266103,2014-01-16 15:00:00,15,15,13.0,16,0,0,0,1,0,0,0,13.004073477440336
266104,2014-01-16 16:00:00,16,15,13.0,16,0,0,0,1,0,0,0,13.01520949039496
266105,2014-01-16 17:00:00,17,15,13.0,16,0,0,0,1,0,0,0,13.267305465885247
266106,2014-01-16 18:00:00,18,15,14.0,16,0,0,0,1,0,0,0,13.784321760920019
266107,2014-01-16 19:00:00,19,15,14.0,16,0,0,0,1,0,0,0,13.967376503230003
266108,2014-01-16 20:00:00,20,15,14.0,16,0,0,0,1,0,0,0,14.041071578688419
266109,2014-01-16 21:00:00,21,15,14.0,16,0,0,0,1,0,0,0,13.971343180549786
266110,2014-01-16 22:00:00,22,15,14.0,16,0,0,0,1,0,0,0,13.903340241287145
266111,2014-01-16 23:00:00,23,15,14.0,16,0,0,0,1,0,0,0,13.903340241287145
266112,2014-01-17 00:00:00,0,15,14.0,17,0,0,0,0,0,0,1,13.934987367962608
266113,2014-01-17 01:00:00,1,15,14.0,17,0,0,0,0,0,0,1,13.96723246313356
266114,2014-01-17 02:00:00,2,15,14.0,17,0,0,0,0,0,0,1,14.004343718439033
266115,2014-01-17 03:00:00,3,15,14.0,17,0,0,0,0,0,0,1,14.022056456792612
266116,2014-01-17 04:00:00,4,15,14.0,17,0,0,0,0,0,0,1,14.019815565583814
266117,2014-01-17 05:00:00,5,15,14.0,17,0,0,0,0,0,0,1,13.996878872471935
266118,2014-01-17 06:00:00,6,15,14.0,17,0,0,0,0,0,0,1,13.89668470746443
266119,2014-01-17 07:00:00,7,15,14.0,17,0,0,0,0,0,0,1,13.75904021615352
266120,2014-01-17 08:00:00,8,15,13.0,17,0,0,0,0,0,0,1,12.933333750042125
266121,2014-01-17 09:00:00,9,15,12.0,17,0,0,0,0,0,0,1,12.263133799089081
266122,2014-01-17 10:00:00,10,15,12.0,17,0,0,0,0,0,0,1,12.24701594676394
266123,2014-01-17 11:00:00,11,15,12.0,17,0,0,0,0,0,0,1,12.305883492223757
266124,2014-01-17 12:00:00,12,15,13.0,17,0,0,0,0,0,0,1,12.646114357376158
266125,2014-01-17 13:00:00,13,15,13.0,17,0,0,0,0,0,0,1,12.839956657872747
266126,2014-01-17 14:00:00,14,15,13.0,17,0,0,0,0,0,0,1,13.14067334350158
266127,2014-01-17 15:00:00,15,15,13.0,17,0,0,0,0,0,0,1,13.153775334488895
266128,2014-01-17 16:00:00,16,15,13.0,17,0,0,0,0,0,0,1,13.136504996566039
266129,2014-01-17 17:00:00,17,15,14.0,17,0,0,0,0,0,0,1,13.635484150966137
266130,2014-01-17 18:00:00,18,15,14.0,17,0,0,0,0,0,0,1,13.965721492159616
266131,2014-01-17 19:00:00,19,15,14.0,17,0,0,0,0,0,0,1,14.015776195640584
266132,2014-01-17 20:00:00,20,15,14.0,17,0,0,0,0,0,0,1,13.98947954648191
266133,2014-01-17 21:00:00,21,15,14.0,17,0,0,0,0,0,0,1,13.987421007024553
266134,2014-01-17 22:00:00,22,15,14.0,17,0,0,0,0,0,0,1,13.9007446327281
266135,2014-01-17 23:00:00,23,15,14.0,17,0,0,0,0,0,0,1,13.9007446327281
266136,2014-01-18 00:00:00,0,15,14.0,18,1,0,0,0,0,0,0,14.160860839587956
266137,2014-01-18 01:00:00,1,15,14.0,18,1,0,0,0,0,0,0,14.14633140001149
266138,2014-01-18 02:00:00,2,15,14.0,18,1,0,0,0,0,0,0,14.026961526888975
266139,2014-01-18 03:00:00,3,15,14.0,18,1,0,0,0,0,0,0,14.016024952548738
266140,2014-01-18 04:00:00,4,15,14.0,18,1,0,0,0,0,0,0,14.037047642951869
266141,2014-01-18 05:00:00,5,15,14.0,18,1,0,0,0,0,0,0,14.0031078276955
266142,2014-01-18 06:00:00,6,15,14.0,18,1,0,0,0,0,0,0,13.900531455968032
266143,2014-01-18 07:00:00,7,15,14.0,18,1,0,0,0,0,0,0,13.931973711175742
266144,2014-01-18 08:00:00,8,15,14.0,18,1,0,0,0,0,0,0,13.98542050426194
266145,2014-01-18 09:00:00,9,15,14.0,18,1,0,0,0,0,0,0,13.969111225517931
266146,2014-01-18 10:00:00,10,15,14.0,18,1,0,0,0,0,0,0,13.952726720593763
266147,2014-01-18 11:00:00,11,15,14.0,18,1,0,0,0,0,0,0,14.07102864054416
266148,2014-01-18 12:00:00,12,15,14.0,18,1,0,0,0,0,0,0,14.080484409942542
266149,2014-01-18 13:00:00,13,15,14.0,18,1,0,0,0,0,0,0,13.958025819080383
266150,2014-01-18 14:00:00,14,15,14.0,18,1,0,0,0,0,0,0,13.878775322913704
266151,2014-01-18 15:00:00,15,15,14.0,18,1,0,0,0,0,0,0,13.840040123759131
266152,2014-01-18 16:00:00,16,15,14.0,18,1,0,0,0,0,0,0,13.698625744833613
266153,2014-01-18 17:00:00,17,15,13.0,18,1,0,0,0,0,0,0,13.295306203310219
266154,2014-01-18 18:00:00,18,15,13.0,18,1,0,0,0,0,0,0,13.181016765902974
266155,2014-01-18 19:00:00,19,15,13.0,18,1,0,0,0,0,0,0,13.297789233940856
266156,2014-01-18 20:00:00,20,15,14.0,18,1,0,0,0,0,0,0,13.811719193436913
266157,2014-01-18 21:00:00,21,15,14.0,18,1,0,0,0,0,0,0,14.002755943980912
266158,2014-01-18 22:00:00,22,15,14.0,18,1,0,0,0,0,0,0,13.97939982492485
266159,2014-01-18 23:00:00,23,15,14.0,18,1,0,0,0,0,0,0,13.97939982492485
266160,2014-01-19 00:00:00,0,15,14.0,19,0,1,0,0,0,0,0,13.871098544870977
266161,2014-01-19 01:00:00,1,15,14.0,19,0,1,0,0,0,0,0,13.946418739022882
266162,2014-01-19 02:00:00,2,15,14.0,19,0,1,0,0,0,0,0,13.939203906951672
266163,2014-01-19 03:00:00,3,15,14.0,19,0,1,0,0,0,0,0,13.918579720770062
266164,2014-01-19 04:00:00,4,15,14.0,19,0,1,0,0,0,0,0,13.920351924446072
266165,2014-01-19 05:00:00,5,15,14.0,19,0,1,0,0,0,0,0,13.851210439848142
266166,2014-01-19 06:00:00,6,15,13.0,19,0,1,0,0,0,0,0,13.364557111635337
266167,2014-01-19 07:00:00,7,15,13.0,19,0,1,0,0,0,0,0,13.140618781036489
266168,2014-01-19 08:00:00,8,15,13.0,19,0,1,0,0,0,0,0,12.929616883717959
266169,2014-01-19 09:00:00,9,15,13.0,19,0,1,0,0,0,0,0,12.888771039990717
266170,2014-01-19 10:00:00,10,15,13.0,19,0,1,0,0,0,0,0,12.940689587904604
266171,2014-01-19 11:00:00,11,15,13.0,19,0,1,0,0,0,0,0,12.969612750142753
266172,2014-01-19 12:00:00,12,15,13.0,19,0,1,0,0,0,0,0,12.883093814709987
266173,2014-01-19 13:00:00,13,15,12.0,19,0,1,0,0,0,0,0,12.656191372772085
266174,2014-01-19 14:00:00,14,15,13.0,19,0,1,0,0,0,0,0,12.975087784859882
266175,2014-01-19 15:00:00,15,15,13.0,19,0,1,0,0,0,0,0,12.986571047574982
266176,2014-01-19 16:00:00,16,15,13.0,19,0,1,0,0,0,0,0,12.89804776514889
266177,2014-01-19 17:00:00,17,15,13.0,19,0,1,0,0,0,0,0,12.891900670477245
266178,2014-01-19 18:00:00,18,15,13.0,19,0,1,0,0,0,0,0,12.93486821549763
266179,2014-01-19 19:00:00,19,15,13.0,19,0,1,0,0,0,0,0,12.873032526717699
266180,2014-01-19 20:00:00,20,15,13.0,19,0,1,0,0,0,0,0,12.906646756199738
266181,2014-01-19 21:00:00,21,15,13.0,19,0,1,0,0,0,0,0,13.05714703866843
266182,2014-01-19 22:00:00,22,15,13.0,19,0,1,0,0,0,0,0,13.02984392789048
266183,2014-01-19 23:00:00,23,15,13.0,19,0,1,0,0,0,0,0,13.02984392789048
266184,2014-01-20 00:00:00,0,15,13.0,20,0,0,1,0,0,0,0,12.978591072703319
266185,2014-01-20 01:00:00,1,15,13.0,20,0,0,1,0,0,0,0,13.01803745359076
266186,2014-01-20 02:00:00,2,15,13.0,20,0,0,1,0,0,0,0,13.03343553645999
266187,2014-01-20 03:00:00,3,15,13.0,20,0,0,1,0,0,0,0,13.019623034475343
266188,2014-01-20 04:00:00,4,15,13.0,20,0,0,1,0,0,0,0,13.026706636407887
266189,2014-01-20 05:00:00,5,15,13.0,20,0,0,1,0,0,0,0,12.996129180446491
266190,2014-01-20 06:00:00,6,15,13.0,20,0,0,1,0,0,0,0,12.948912548697779
266191,2014-01-20 07:00:00,7,15,13.0,20,0,0,1,0,0,0,0,13.05133475516122
266192,2014-01-20 08:00:00,8,15,13.0,20,0,0,1,0,0,0,0,13.079215539196994
266193,2014-01-20 09:00:00,9,15,13.0,20,0,0,1,0,0,0,0,12.769859422541817
266194,2014-01-20 10:00:00,10,15,13.0,20,0,0,1,0,0,0,0,12.970432677587729
266195,2014-01-20 11:00:00,11,15,13.0,20,0,0,1,0,0,0,0,12.98436253246419
266196,2014-01-20 12:00:00,12,15,13.0,20,0,0,1,0,0,0,0,12.904970628727709
266197,2014-01-20 13:00:00,13,15,13.0,20,0,0,1,0,0,0,0,12.522882673209345
266198,2014-01-20 14:00:00,14,15,11.0,20,0,0,1,0,0,0,0,11.149571517815318
266199,2014-01-20 15:00:00,15,15,11.0,20,0,0,1,0,0,0,0,11.122982003130273
266200,2014-01-20 16:00:00,16,15,11.0,20,0,0,1,0,0,0,0,11.018039031312712
266201,2014-01-20 17:00:00,17,15,11.0,20,0,0,1,0,0,0,0,11.080682994781856
266202,2014-01-20 18:00:00,18,15,11.0,20,0,0,1,0,0,0,0,11.310324063417996
266203,2014-01-20 19:00:00,19,15,11.0,20,0,0,1,0,0,0,0,11.304486104172101
266204,2014-01-20 20:00:00,20,15,11.0,20,0,0,1,0,0,0,0,11.4473939759532
266205,2014-01-20 21:00:00,21,15,13.0,20,0,0,1,0,0,0,0,12.749143444887556
266206,2014-01-20 22:00:00,22,15,13.0,20,0,0,1,0,0,0,0,12.842904002654418
266207,2014-01-20 23:00:00,23,15,13.0,20,0,0,1,0,0,0,0,12.842904002654418
266208,2014-01-21 00:00:00,0,15,13.0,21,0,0,0,0,0,1,0,12.955124446910098
266209,2014-01-21 01:00:00,1,15,13.0,21,0,0,0,0,0,1,0,13.010491509409045
266210,2014-01-21 02:00:00,2,15,13.0,21,0,0,0,0,0,1,0,13.030962890174694
266211,2014-01-21 03:00:00,3,15,13.0,21,0,0,0,0,0,1,0,13.015958792836223
266212,2014-01-21 04:00:00,4,15,13.0,21,0,0,0,0,0,1,0,13.033730226832148
266213,2014-01-21 05:00:00,5,15,13.0,21,0,0,0,0,0,1,0,13.021789518452358
266214,2014-01-21 06:00:00,6,15,13.0,21,0,0,0,0,0,1,0,12.9641635018499
266215,2014-01-21 07:00:00,7,15,13.0,21,0,0,0,0,0,1,0,12.808104878094527
266216,2014-01-21 08:00:00,8,15,12.0,21,0,0,0,0,0,1,0,12.162025830457955
266217,2014-01-21 09:00:00,9,15,11.0,21,0,0,0,0,0,1,0,11.112292020848157
266218,2014-01-21 10:00:00,10,15,11.0,21,0,0,0,0,0,1,0,11.105057344833874
266219,2014-01-21 11:00:00,11,15,11.0,21,0,0,0,0,0,1,0,11.27213792451748
266220,2014-01-21 12:00:00,12,15,11.0,21,0,0,0,0,0,1,0,11.484967969298706
266221,2014-01-21 13:00:00,13,15,13.0,21,0,0,0,0,0,1,0,12.101803422489073
266222,2014-01-21 14:00:00,14,15,13.0,21,0,0,0,0,0,1,0,13.132445333759557
266223,2014-01-21 15:00:00,15,15,13.0,21,0,0,0,0,0,1,0,13.122900344110374
266224,2014-01-21 16:00:00,16,15,13.0,21,0,0,0,0,0,1,0,13.18104197496131
266225,2014-01-21 17:00:00,17,15,14.0,21,0,0,0,0,0,1,0,13.670888418951593
266226,2014-01-21 18:00:00,18,15,14.0,21,0,0,0,0,0,1,0,13.816694258661855
266227,2014-01-21 19:00:00,19,15,14.0,21,0,0,0,0,0,1,0,13.65659660217416
266228,2014-01-21 20:00:00,20,15,14.0,21,0,0,0,0,0,1,0,13.526594488090556
266229,2014-01-21 21:00:00,21,15,13.0,21,0,0,0,0,0,1,0,13.261936201219388
266230,2014-01-21 22:00:00,22,15,13.0,21,0,0,0,0,0,1,0,13.19145975330152
266231,2014-01-21 23:00:00,23,15,13.0,21,0,0,0,0,0,1,0,13.19145975330152
266232,2014-01-22 00:00:00,0,15,12.0,22,0,0,0,0,1,0,0,12.647345423743989
266233,2014-01-22 01:00:00,1,15,13.0,22,0,0,0,0,1,0,0,12.771522350017948
266234,2014-01-22 02:00:00,2,15,13.0,22,0,0,0,0,1,0,0,12.936476008320808
266235,2014-01-22 03:00:00,3,15,13.0,22,0,0,0,0,1,0,0,12.939435965197925
266236,2014-01-22 04:00:00,4,15,13.0,22,0,0,0,0,1,0,0,12.95587296007393
266237,2014-01-22 05:00:00,5,15,13.0,22,0,0,0,0,1,0,0,12.95333338396176
266238,2014-01-22 06:00:00,6,15,13.0,22,0,0,0,0,1,0,0,12.921001085345635
266239,2014-01-22 07:00:00,7,15,13.0,22,0,0,0,0,1,0,0,12.988447005754859
266240,2014-01-22 08:00:00,8,15,13.0,22,0,0,0,0,1,0,0,12.75707388170863
266241,2014-01-22 09:00:00,9,15,11.0,22,0,0,0,0,1,0,0,11.44477288846058
266242,2014-01-22 10:00:00,10,15,12.0,22,0,0,0,0,1,0,0,11.83131800986108
266243,2014-01-22 11:00:00,11,15,12.0,22,0,0,0,0,1,0,0,11.932486998840691
266244,2014-01-22 12:00:00,12,15,12.0,22,0,0,0,0,1,0,0,12.053581644167634
266245,2014-01-22 13:00:00,13,15,12.0,22,0,0,0,0,1,0,0,11.948848435315293
266246,2014-01-22 14:00:00,14,15,12.0,22,0,0,0,0,1,0,0,11.94809512926415
266247,2014-01-22 15:00:00,15,15,12.0,22,0,0,0,0,1,0,0,11.971027903978628
266248,2014-01-22 16:00:00,16,15,12.0,22,0,0,0,0,1,0,0,12.011389732519744
266249,2014-01-22 17:00:00,17,15,12.0,22,0,0,0,0,1,0,0,11.890009424776874
266250,2014-01-22 18:00:00,18,15,12.0,22,0,0,0,0,1,0,0,11.710439393176864
266251,2014-01-22 19:00:00,19,15,10.0,22,0,0,0,0,1,0,0,10.826434244493841
266252,2014-01-22 20:00:00,20,15,10.0,22,0,0,0,0,1,0,0,10.780706775666816
266253,2014-01-22 21:00:00,21,15,13.0,22,0,0,0,0,1,0,0,12.597016556842721
266254,2014-01-22 22:00:00,22,15,13.0,22,0,0,0,0,1,0,0,12.628960004665256
266255,2014-01-22 23:00:00,23,15,13.0,22,0,0,0,0,1,0,0,12.628960004665256
266256,2014-01-23 00:00:00,0,15,13.0,23,0,0,0,1,0,0,0,13.015091448972006
266257,2014-01-23 01:00:00,1,15,13.0,23,0,0,0,1,0,0,0,13.053818538059094
266258,2014-01-23 02:00:00,2,15,13.0,23,0,0,0,1,0,0,0,13.050319477279011
266259,2014-01-23 03:00:00,3,15,13.0,23,0,0,0,1,0,0,0,13.02027414808924
266260,2014-01-23 04:00:00,4,15,13.0,23,0,0,0,1,0,0,0,13.029522083560108
266261,2014-01-23 05:00:00,5,15,13.0,23,0,0,0,1,0,0,0,13.018376908953517
266262,2014-01-23 06:00:00,6,15,13.0,23,0,0,0,1,0,0,0,12.982622744372659
266263,2014-01-23 07:00:00,7,15,13.0,23,0,0,0,1,0,0,0,12.938106041074338
266264,2014-01-23 08:00:00,8,15,13.0,23,0,0,0,1,0,0,0,13.047687483228062
266265,2014-01-23 09:00:00,9,15,12.0,23,0,0,0,1,0,0,0,11.91244395069455
266266,2014-01-23 10:00:00,10,15,12.0,23,0,0,0,1,0,0,0,11.965265924040034
266267,2014-01-23 11:00:00,11,15,12.0,23,0,0,0,1,0,0,0,11.887897112471757
266268,2014-01-23 12:00:00,12,15,12.0,23,0,0,0,1,0,0,0,11.966731227872618
266269,2014-01-23 13:00:00,13,15,11.0,23,0,0,0,1,0,0,0,11.535802172105804
266270,2014-01-23 14:00:00,14,15,12.0,23,0,0,0,1,0,0,0,11.86670445668415
266271,2014-01-23 15:00:00,15,15,12.0,23,0,0,0,1,0,0,0,11.87801973117358
266272,2014-01-23 16:00:00,16,15,12.0,23,0,0,0,1,0,0,0,11.946032832097071
266273,2014-01-23 17:00:00,17,15,12.0,23,0,0,0,1,0,0,0,12.022585175390569
266274,2014-01-23 18:00:00,18,15,12.0,23,0,0,0,1,0,0,0,12.085061179746255
266275,2014-01-23 19:00:00,19,15,12.0,23,0,0,0,1,0,0,0,11.844975248655112
266276,2014-01-23 20:00:00,20,15,12.0,23,0,0,0,1,0,0,0,11.725183547694675
266277,2014-01-23 21:00:00,21,15,12.0,23,0,0,0,1,0,0,0,12.258807245323219
266278,2014-01-23 22:00:00,22,15,12.0,23,0,0,0,1,0,0,0,12.186039898222441
266279,2014-01-23 23:00:00,23,15,12.0,23,0,0,0,1,0,0,0,12.186039898222441
266280,2014-01-24 00:00:00,0,15,12.0,24,0,0,0,0,0,0,1,12.011165753155991
266281,2014-01-24 01:00:00,1,15,12.0,24,0,0,0,0,0,0,1,12.038878389361606
266282,2014-01-24 02:00:00,2,15,12.0,24,0,0,0,0,0,0,1,11.954407108236365
266283,2014-01-24 03:00:00,3,15,12.0,24,0,0,0,0,0,0,1,11.938004027047011
266284,2014-01-24 04:00:00,4,15,12.0,24,0,0,0,0,0,0,1,11.927763294899625
266285,2014-01-24 05:00:00,5,15,12.0,24,0,0,0,0,0,0,1,11.914244565826278
266286,2014-01-24 06:00:00,6,15,12.0,24,0,0,0,0,0,0,1,11.85039400661415
266287,2014-01-24 07:00:00,7,15,11.0,24,0,0,0,0,0,0,1,11.370144894594976
266288,2014-01-24 08:00:00,8,15,11.0,24,0,0,0,0,0,0,1,11.075072995470835
266289,2014-01-24 09:00:00,9,15,10.0,24,0,0,0,0,0,0,1,9.863676245286978
266290,2014-01-24 10:00:00,10,15,10.0,24,0,0,0,0,0,0,1,9.847335971879545
266291,2014-01-24 11:00:00,11,15,10.0,24,0,0,0,0,0,0,1,9.969339954232954
266292,2014-01-24 12:00:00,12,15,10.0,24,0,0,0,0,0,0,1,10.062568584708856
266293,2014-01-24 13:00:00,13,15,10.0,24,0,0,0,0,0,0,1,10.00056907832707
266294,2014-01-24 14:00:00,14,15,10.0,24,0,0,0,0,0,0,1,10.0679689665902
266295,2014-01-24 15:00:00,15,15,10.0,24,0,0,0,0,0,0,1,10.048516157554355
266296,2014-01-24 16:00:00,16,15,10.0,24,0,0,0,0,0,0,1,9.983226886144767
266297,2014-01-24 17:00:00,17,15,10.0,24,0,0,0,0,0,0,1,10.14798713496231
266298,2014-01-24 18:00:00,18,15,10.0,24,0,0,0,0,0,0,1,10.159261509712227
266299,2014-01-24 19:00:00,19,15,10.0,24,0,0,0,0,0,0,1,9.88434970768366
266300,2014-01-24 20:00:00,20,15,10.0,24,0,0,0,0,0,0,1,9.705973836291555
266301,2014-01-24 21:00:00,21,15,10.0,24,0,0,0,0,0,0,1,10.127289009409452
266302,2014-01-24 22:00:00,22,15,10.0,24,0,0,0,0,0,0,1,10.061771369381857
266303,2014-01-24 23:00:00,23,15,10.0,24,0,0,0,0,0,0,1,10.061771369381857
266304,2014-01-25 00:00:00,0,15,10.0,25,1,0,0,0,0,0,0,9.619612455128783
266305,2014-01-25 01:00:00,1,15,10.0,25,1,0,0,0,0,0,0,9.593016538476054
266306,2014-01-25 02:00:00,2,15,9.0,25,1,0,0,0,0,0,0,9.170635813526847
266307,2014-01-25 03:00:00,3,15,9.0,25,1,0,0,0,0,0,0,9.12509248890129
266308,2014-01-25 04:00:00,4,15,9.0,25,1,0,0,0,0,0,0,9.087218338915823
266309,2014-01-25 05:00:00,5,15,9.0,25,1,0,0,0,0,0,0,9.056350316740987
266310,2014-01-25 06:00:00,6,15,9.0,25,1,0,0,0,0,0,0,8.990701778580663
266311,2014-01-25 07:00:00,7,15,9.0,25,1,0,0,0,0,0,0,8.986622302999576
266312,2014-01-25 08:00:00,8,15,9.0,25,1,0,0,0,0,0,0,9.119828928355735
266313,2014-01-25 09:00:00,9,15,9.0,25,1,0,0,0,0,0,0,8.798564827183917
266314,2014-01-25 10:00:00,10,15,8.0,25,1,0,0,0,0,0,0,8.638915120468003
266315,2014-01-25 11:00:00,11,15,9.0,25,1,0,0,0,0,0,0,8.87380018685621
266316,2014-01-25 12:00:00,12,15,9.0,25,1,0,0,0,0,0,0,8.926466494446563
266317,2014-01-25 13:00:00,13,15,9.0,25,1,0,0,0,0,0,0,8.997426840990284
266318,2014-01-25 14:00:00,14,15,9.0,25,1,0,0,0,0,0,0,9.067737642959713
266319,2014-01-25 15:00:00,15,15,9.0,25,1,0,0,0,0,0,0,9.017965785259785
266320,2014-01-25 16:00:00,16,15,9.0,25,1,0,0,0,0,0,0,8.965016363039322
266321,2014-01-25 17:00:00,17,15,9.0,25,1,0,0,0,0,0,0,8.853333980049683
266322,2014-01-25 18:00:00,18,15,9.0,25,1,0,0,0,0,0,0,8.91209739563862
266323,2014-01-25 19:00:00,19,15,9.0,25,1,0,0,0,0,0,0,8.831821579916353
266324,2014-01-25 20:00:00,20,15,9.0,25,1,0,0,0,0,0,0,9.08854129340803
266325,2014-01-25 21:00:00,21,15,9.0,25,1,0,0,0,0,0,0,9.004921028158416
266326,2014-01-25 22:00:00,22,15,9.0,25,1,0,0,0,0,0,0,8.974979539831766
266327,2014-01-25 23:00:00,23,15,9.0,25,1,0,0,0,0,0,0,8.974979539831766
266328,2014-01-26 00:00:00,0,15,9.0,26,0,1,0,0,0,0,0,9.08709694271513
266329,2014-01-26 01:00:00,1,15,9.0,26,0,1,0,0,0,0,0,9.09674920647051
266330,2014-01-26 02:00:00,2,15,9.0,26,0,1,0,0,0,0,0,9.04543610569006
266331,2014-01-26 03:00:00,3,15,9.0,26,0,1,0,0,0,0,0,9.010130910990318
266332,2014-01-26 04:00:00,4,15,9.0,26,0,1,0,0,0,0,0,9.004012735637676
266333,2014-01-26 05:00:00,5,15,9.0,26,0,1,0,0,0,0,0,9.01414149621275
266334,2014-01-26 06:00:00,6,15,9.0,26,0,1,0,0,0,0,0,9.05056407783301
266335,2014-01-26 07:00:00,7,15,9.0,26,0,1,0,0,0,0,0,9.006137877931096
266336,2014-01-26 08:00:00,8,15,9.0,26,0,1,0,0,0,0,0,9.036609964427784
266337,2014-01-26 09:00:00,9,15,9.0,26,0,1,0,0,0,0,0,8.84998686516619
266338,2014-01-26 10:00:00,10,15,9.0,26,0,1,0,0,0,0,0,8.874284696657112
266339,2014-01-26 11:00:00,11,15,9.0,26,0,1,0,0,0,0,0,8.928895079274943
266340,2014-01-26 12:00:00,12,15,9.0,26,0,1,0,0,0,0,0,8.911573987401956
266341,2014-01-26 13:00:00,13,15,9.0,26,0,1,0,0,0,0,0,8.689197063358066
266342,2014-01-26 14:00:00,14,15,9.0,26,0,1,0,0,0,0,0,9.144183126667624
266343,2014-01-26 15:00:00,15,15,9.0,26,0,1,0,0,0,0,0,9.141304245525934
266344,2014-01-26 16:00:00,16,15,9.0,26,0,1,0,0,0,0,0,9.074683035716248
266345,2014-01-26 17:00:00,17,15,9.0,26,0,1,0,0,0,0,0,9.020026953823265
266346,2014-01-26 18:00:00,18,15,9.0,26,0,1,0,0,0,0,0,9.119712498758435
266347,2014-01-26 19:00:00,19,15,9.0,26,0,1,0,0,0,0,0,8.953143622013123
266348,2014-01-26 20:00:00,20,15,9.0,26,0,1,0,0,0,0,0,9.015204883876132
266349,2014-01-26 21:00:00,21,15,9.0,26,0,1,0,0,0,0,0,9.0782793132305
266350,2014-01-26 22:00:00,22,15,9.0,26,0,1,0,0,0,0,0,9.061247169953035
266351,2014-01-26 23:00:00,23,15,9.0,26,0,1,0,0,0,0,0,9.061247169953035
266352,2014-01-27 00:00:00,0,15,9.0,27,0,0,1,0,0,0,0,9.077152663419083
266353,2014-01-27 01:00:00,1,15,9.0,27,0,0,1,0,0,0,0,9.049632833942148
266354,2014-01-27 02:00:00,2,15,9.0,27,0,0,1,0,0,0,0,9.053196848200656
266355,2014-01-27 03:00:00,3,15,9.0,27,0,0,1,0,0,0,0,9.036163031136267
266356,2014-01-27 04:00:00,4,15,9.0,27,0,0,1,0,0,0,0,9.035529128003905
266357,2014-01-27 05:00:00,5,15,9.0,27,0,0,1,0,0,0,0,9.07956000620246
266358,2014-01-27 06:00:00,6,15,9.0,27,0,0,1,0,0,0,0,9.132379100662119
266359,2014-01-27 07:00:00,7,15,9.0,27,0,0,1,0,0,0,0,8.707713610191435
266360,2014-01-27 08:00:00,8,15,9.0,27,0,0,1,0,0,0,0,8.633384487112618
266361,2014-01-27 09:00:00,9,15,7.0,27,0,0,1,0,0,0,0,7.230399814356842
266362,2014-01-27 10:00:00,10,15,7.0,27,0,0,1,0,0,0,0,7.028645384597806
266363,2014-01-27 11:00:00,11,15,7.0,27,0,0,1,0,0,0,0,7.264246625602096
266364,2014-01-27 12:00:00,12,15,7.0,27,0,0,1,0,0,0,0,7.244760343311045
266365,2014-01-27 13:00:00,13,15,7.0,27,0,0,1,0,0,0,0,7.729101151955203
266366,2014-01-27 14:00:00,14,15,15.0,27,0,0,1,0,0,0,0,14.540809984901447
266367,2014-01-27 15:00:00,15,15,15.0,27,0,0,1,0,0,0,0,14.578975142420493
266368,2014-01-27 16:00:00,16,15,15.0,27,0,0,1,0,0,0,0,15.061056857844168
266369,2014-01-27 17:00:00,17,15,15.0,27,0,0,1,0,0,0,0,15.253528968592732
266370,2014-01-27 18:00:00,18,15,16.0,27,0,0,1,0,0,0,0,15.705572462662913
266371,2014-01-27 19:00:00,19,15,16.0,27,0,0,1,0,0,0,0,15.67399558830677
266372,2014-01-27 20:00:00,20,15,16.0,27,0,0,1,0,0,0,0,15.843368217300544
266373,2014-01-27 21:00:00,21,15,16.0,27,0,0,1,0,0,0,0,15.846166381319518
266374,2014-01-27 22:00:00,22,15,16.0,27,0,0,1,0,0,0,0,15.796890176056005
266375,2014-01-27 23:00:00,23,15,16.0,27,0,0,1,0,0,0,0,15.796890176056005
266376,2014-01-28 00:00:00,0,15,16.0,28,0,0,0,0,0,1,0,15.95701942191276
266377,2014-01-28 01:00:00,1,15,16.0,28,0,0,0,0,0,1,0,15.97676482438863
266378,2014-01-28 02:00:00,2,15,16.0,28,0,0,0,0,0,1,0,16.006723893225615
266379,2014-01-28 03:00:00,3,15,16.0,28,0,0,0,0,0,1,0,15.991609313833067
266380,2014-01-28 04:00:00,4,15,16.0,28,0,0,0,0,0,1,0,15.982532726549179
266381,2014-01-28 05:00:00,5,15,16.0,28,0,0,0,0,0,1,0,15.990914215051577
266382,2014-01-28 06:00:00,6,15,16.0,28,0,0,0,0,0,1,0,15.99285188740956
266383,2014-01-28 07:00:00,7,15,16.0,28,0,0,0,0,0,1,0,16.01605872661576
266384,2014-01-28 08:00:00,8,15,16.0,28,0,0,0,0,0,1,0,15.739429065178648
266385,2014-01-28 09:00:00,9,15,14.0,28,0,0,0,0,0,1,0,14.225985043875125
266386,2014-01-28 10:00:00,10,15,14.0,28,0,0,0,0,0,1,0,13.870884781981527
266387,2014-01-28 11:00:00,11,15,14.0,28,0,0,0,0,0,1,0,13.84944309018535
266388,2014-01-28 12:00:00,12,15,14.0,28,0,0,0,0,0,1,0,13.828326437376539
266389,2014-01-28 13:00:00,13,15,14.0,28,0,0,0,0,0,1,0,13.918574372118954
266390,2014-01-28 14:00:00,14,15,14.0,28,0,0,0,0,0,1,0,13.945128751449005
266391,2014-01-28 15:00:00,15,15,14.0,28,0,0,0,0,0,1,0,13.933918207970189
266392,2014-01-28 16:00:00,16,15,14.0,28,0,0,0,0,0,1,0,14.028198571306005
266393,2014-01-28 17:00:00,17,15,14.0,28,0,0,0,0,0,1,0,13.99721897319934
266394,2014-01-28 18:00:00,18,15,14.0,28,0,0,0,0,0,1,0,14.195140350619218
266395,2014-01-28 19:00:00,19,15,14.0,28,0,0,0,0,0,1,0,14.216940896240711
266396,2014-01-28 20:00:00,20,15,14.0,28,0,0,0,0,0,1,0,14.330835488322041
266397,2014-01-28 21:00:00,21,15,14.0,28,0,0,0,0,0,1,0,14.128645078414507
266398,2014-01-28 22:00:00,22,15,14.0,28,0,0,0,0,0,1,0,14.091441810661994
266399,2014-01-28 23:00:00,23,15,14.0,28,0,0,0,0,0,1,0,14.091441810661994
266400,2014-01-29 00:00:00,0,15,14.0,29,0,0,0,0,1,0,0,13.915230977575009
266401,2014-01-29 01:00:00,1,15,14.0,29,0,0,0,0,1,0,0,13.946087163025824
266402,2014-01-29 02:00:00,2,15,14.0,29,0,0,0,0,1,0,0,13.950027999499977
266403,2014-01-29 03:00:00,3,15,14.0,29,0,0,0,0,1,0,0,13.943458381316123
266404,2014-01-29 04:00:00,4,15,14.0,29,0,0,0,0,1,0,0,13.939565866252236
266405,2014-01-29 05:00:00,5,15,14.0,29,0,0,0,0,1,0,0,13.949395593092657
266406,2014-01-29 06:00:00,6,15,14.0,29,0,0,0,0,1,0,0,13.922596969912153
266407,2014-01-29 07:00:00,7,15,14.0,29,0,0,0,0,1,0,0,13.991478753417205
266408,2014-01-29 08:00:00,8,15,13.0,29,0,0,0,0,1,0,0,13.546853398308183
266409,2014-01-29 09:00:00,9,15,12.0,29,0,0,0,0,1,0,0,12.388902977643044
266410,2014-01-29 10:00:00,10,15,12.0,29,0,0,0,0,1,0,0,11.983093811552214
266411,2014-01-29 11:00:00,11,15,12.0,29,0,0,0,0,1,0,0,12.013914651574664
266412,2014-01-29 12:00:00,12,15,12.0,29,0,0,0,0,1,0,0,12.033354602175582
266413,2014-01-29 13:00:00,13,15,12.0,29,0,0,0,0,1,0,0,11.836657694010261
266414,2014-01-29 14:00:00,14,15,12.0,29,0,0,0,0,1,0,0,12.25188281009136
266415,2014-01-29 15:00:00,15,15,12.0,29,0,0,0,0,1,0,0,12.312510922144057
266416,2014-01-29 16:00:00,16,15,13.0,29,0,0,0,0,1,0,0,12.781599982678484
266417,2014-01-29 17:00:00,17,15,13.0,29,0,0,0,0,1,0,0,12.860440059565438
266418,2014-01-29 18:00:00,18,15,13.0,29,0,0,0,0,1,0,0,12.915298763863422
266419,2014-01-29 19:00:00,19,15,13.0,29,0,0,0,0,1,0,0,12.55285256141435
266420,2014-01-29 20:00:00,20,15,13.0,29,0,0,0,0,1,0,0,12.588853073024246
266421,2014-01-29 21:00:00,21,15,13.0,29,0,0,0,0,1,0,0,12.74128386909298
266422,2014-01-29 22:00:00,22,15,12.0,29,0,0,0,0,1,0,0,12.435880944822854
266423,2014-01-29 23:00:00,23,15,12.0,29,0,0,0,0,1,0,0,12.435880944822854
266424,2014-01-30 00:00:00,0,15,12.0,30,0,0,0,1,0,0,0,11.970008668687306
266425,2014-01-30 01:00:00,1,15,12.0,30,0,0,0,1,0,0,0,11.95511363239126
266426,2014-01-30 02:00:00,2,15,12.0,30,0,0,0,1,0,0,0,11.984744308341144
266427,2014-01-30 03:00:00,3,15,12.0,30,0,0,0,1,0,0,0,11.984744308341144
266428,2014-01-30 04:00:00,4,15,12.0,30,0,0,0,1,0,0,0,11.98026996741159
266429,2014-01-30 05:00:00,5,15,12.0,30,0,0,0,1,0,0,0,11.978161958749965
266430,2014-01-30 06:00:00,6,15,12.0,30,0,0,0,1,0,0,0,11.99691128402125
266431,2014-01-30 07:00:00,7,15,12.0,30,0,0,0,1,0,0,0,11.867619793676662
266432,2014-01-30 08:00:00,8,15,12.0,30,0,0,0,1,0,0,0,11.972511464078378
266433,2014-01-30 09:00:00,9,15,12.0,30,0,0,0,1,0,0,0,11.325920297804654
266434,2014-01-30 10:00:00,10,15,11.0,30,0,0,0,1,0,0,0,11.176560980231526
266435,2014-01-30 11:00:00,11,15,11.0,30,0,0,0,1,0,0,0,11.033675861995961
266436,2014-01-30 12:00:00,12,15,11.0,30,0,0,0,1,0,0,0,11.017411774470766
266437,2014-01-30 13:00:00,13,15,11.0,30,0,0,0,1,0,0,0,10.605145605527477
266438,2014-01-30 14:00:00,14,15,11.0,30,0,0,0,1,0,0,0,11.154232794301711
266439,2014-01-30 15:00:00,15,15,11.0,30,0,0,0,1,0,0,0,11.131752450496174
266440,2014-01-30 16:00:00,16,15,11.0,30,0,0,0,1,0,0,0,11.238997645684726
266441,2014-01-30 17:00:00,17,15,11.0,30,0,0,0,1,0,0,0,11.177604458434272
266442,2014-01-30 18:00:00,18,15,11.0,30,0,0,0,1,0,0,0,11.210121198084348
266443,2014-01-30 19:00:00,19,15,11.0,30,0,0,0,1,0,0,0,11.51620872765273
266444,2014-01-30 20:00:00,20,15,11.0,30,0,0,0,1,0,0,0,11.844922621379679
266445,2014-01-30 21:00:00,21,15,14.0,30,0,0,0,1,0,0,0,13.359485329825612
266446,2014-01-30 22:00:00,22,15,14.0,30,0,0,0,1,0,0,0,13.426985819821999
266447,2014-01-30 23:00:00,23,15,14.0,30,0,0,0,1,0,0,0,13.426985819821999
266448,2014-01-31 00:00:00,0,15,14.0,31,0,0,0,0,0,0,1,14.079327233713661
266449,2014-01-31 01:00:00,1,15,14.0,31,0,0,0,0,0,0,1,14.054111999073648
266450,2014-01-31 02:00:00,2,15,14.0,31,0,0,0,0,0,0,1,14.052689582700815
266451,2014-01-31 03:00:00,3,15,14.0,31,0,0,0,0,0,0,1,14.052689582700815
266452,2014-01-31 04:00:00,4,15,14.0,31,0,0,0,0,0,0,1,14.054144160827052
266453,2014-01-31 05:00:00,5,15,14.0,31,0,0,0,0,0,0,1,14.046085064312487
266454,2014-01-31 06:00:00,6,15,14.0,31,0,0,0,0,0,0,1,14.065516388587444
266455,2014-01-31 07:00:00,7,15,14.0,31,0,0,0,0,0,0,1,14.240358480545192
266456,2014-01-31 08:00:00,8,15,14.0,31,0,0,0,0,0,0,1,14.18086259863024
266457,2014-01-31 09:00:00,9,15,14.0,31,0,0,0,0,0,0,1,13.547793552655904
266458,2014-01-31 10:00:00,10,15,13.0,31,0,0,0,0,0,0,1,13.01417296644305
266459,2014-01-31 11:00:00,11,15,13.0,31,0,0,0,0,0,0,1,12.9310287789981
266460,2014-01-31 12:00:00,12,15,13.0,31,0,0,0,0,0,0,1,12.955748695923509
266461,2014-01-31 13:00:00,13,15,12.0,31,0,0,0,0,0,0,1,12.656204163993264
266462,2014-01-31 14:00:00,14,15,13.0,31,0,0,0,0,0,0,1,12.755635464304365
266463,2014-01-31 15:00:00,15,15,13.0,31,0,0,0,0,0,0,1,12.733155120498829
266464,2014-01-31 16:00:00,16,15,13.0,31,0,0,0,0,0,0,1,12.850756995936644
266465,2014-01-31 17:00:00,17,15,13.0,31,0,0,0,0,0,0,1,12.737469418594868
266466,2014-01-31 18:00:00,18,15,13.0,31,0,0,0,0,0,0,1,12.757371656405091
266467,2014-01-31 19:00:00,19,15,13.0,31,0,0,0,0,0,0,1,12.872371188506467
266468,2014-01-31 20:00:00,20,15,13.0,31,0,0,0,0,0,0,1,12.801786985973225
266469,2014-01-31 21:00:00,21,15,13.0,31,0,0,0,0,0,0,1,13.328209163072543
266470,2014-01-31 22:00:00,22,15,13.0,31,0,0,0,0,0,0,1,13.26781525779605
266471,2014-01-31 23:00:00,23,15,13.0,31,0,0,0,0,0,0,1,13.26781525779605
